query,page,clicks,impressions,ctr,position
吸えログ,https://suelog.jp/,42,47,0.8936170212765957,1.2127659574468086
the single 梅田,https://suelog.jp/shops/1925,6,125,0.048,9.448
北新地 アウル ラウンジ,https://suelog.jp/shops/2207,5,24,0.20833333333333334,5.833333333333333
kafka the listening & bar,https://suelog.jp/shops/377,4,227,0.01762114537444934,5.057268722466961
la belle mer,https://suelog.jp/shops/3726,3,14,0.21428571428571427,8.714285714285715
おにぎりbar kome＋ 大阪市,https://suelog.jp/shops/2294,3,55,0.05454545454545454,2.381818181818182
居酒屋コレカラ,https://suelog.jp/shops/218,3,19,0.15789473684210525,3.3157894736842106
梅田 喫煙可能 居酒屋 個室,https://suelog.jp/articles/umeda-private-room-smoking,3,25,0.12,9
梅田 居酒屋 喫煙可 個室,https://suelog.jp/articles/umeda-private-room-smoking,3,51,0.058823529411764705,9.745098039215685
相席ラウンジ the single うめだ阪急東通り店 レビュー,https://suelog.jp/shops/1925,3,181,0.016574585635359115,7.922651933701657
34kitchen,https://suelog.jp/shops/1920,2,26,0.07692307692307693,8.884615384615385
bar candle,https://suelog.jp/shops/3660,2,33,0.06060606060606061,6.9393939393939394
ザフレッシュ,https://suelog.jp/shops/1678,2,31,0.06451612903225806,10.35483870967742
大阪難波隠れ家焼き肉牛隱,https://suelog.jp/shops/1766,2,122,0.01639344262295082,6.80327868852459
西天満 バー,https://suelog.jp/shops/3290,2,3,0.6666666666666666,6.333333333333333
bar core osaka,https://suelog.jp/shops/1599,1,35,0.02857142857142857,8.971428571428572
bar costa,https://suelog.jp/shops/368,1,10,0.1,5.9
bar expeage,https://suelog.jp/shops/1657,1,20,0.05,7.75
bar novel レビュー,https://suelog.jp/shops/378,1,7,0.14285714285714285,6.714285714285714
bar second fill,https://suelog.jp/shops/640,1,14,0.07142857142857142,12.285714285714286
bar take off,https://suelog.jp/shops/2292,1,5,0.2,5.8
bar terra,https://suelog.jp/shops/3148,1,3,0.3333333333333333,4
brasserie alain,https://suelog.jp/shops/3055,1,4,0.25,13.25
cafe&bar arc,https://suelog.jp/shops/904,1,27,0.037037037037037035,6.2592592592592595
chill lounge 梅田店,https://suelog.jp/shops/3040,1,6,0.16666666666666666,8.666666666666668
ile de v,https://suelog.jp/shops/3072,1,17,0.058823529411764705,4.705882352941177
jamaican grill half way tree,https://suelog.jp/shops/1980,1,15,0.06666666666666667,8.066666666666666
jaw dim 梅田,https://suelog.jp/shops/1912,1,19,0.05263157894736842,5.368421052631579
north trunk 写真,https://suelog.jp/shops/1900,1,1,1,30
northbar,https://suelog.jp/shops/673,1,4,0.25,4
queueカフェ大阪,https://suelog.jp/shops/3448,1,20,0.05,9.4
refuge umeda,https://suelog.jp/shops/2185,1,5,0.2,9.8
sayamistyle(サヤミスタイル) 難波の立ち飲み 写真,https://suelog.jp/shops/1703,1,26,0.038461538461538464,9.461538461538462
snack nico,https://suelog.jp/shops/553,1,7,0.14285714285714285,9
snack zen,https://suelog.jp/shops/438,1,2,0.5,6.5
standing bar neo,https://suelog.jp/shops/491,1,54,0.018518518518518517,6.722222222222222
star rist 梅田お初天神店,https://suelog.jp/shops/2174,1,1,1,23
the single 大阪,https://suelog.jp/shops/1925,1,94,0.010638297872340425,15.882978723404255
thesingle 梅田,https://suelog.jp/shops/1925,1,1,1,10
third place shisha cafe&sweets bar,https://suelog.jp/shops/1538,1,241,0.004149377593360996,8.755186721991702
tm17ビル,https://suelog.jp/shops/564,1,1,1,17
おにぎりカフェ 大阪,https://suelog.jp/shops/2294,1,1,1,3
おむすびバー,https://suelog.jp/shops/2294,1,1,1,1
かがやきキッチン,https://suelog.jp/shops/1901,1,111,0.009009009009009009,7.36036036036036
くまの深夜食堂&bar,https://suelog.jp/shops/3711,1,5,0.2,7.4
こまつ 北新地,https://suelog.jp/shops/94,1,3,0.3333333333333333,8.333333333333332
だしまる,https://suelog.jp/shops/247,1,23,0.043478260869565216,11.434782608695652
まろうど,https://suelog.jp/shops/518,1,2,0.5,2
りんご屋 梅田,https://suelog.jp/shops/552,1,67,0.014925373134328358,7.268656716417911
アッパレシーシャ,https://suelog.jp/shops/3686,1,2,0.5,1
エスカイヤクラブ 駅前第3ビル店,https://suelog.jp/shops/2164,1,6,0.16666666666666666,12.333333333333334
カフェ queue,https://suelog.jp/shops/3448,1,20,0.05,8.4
ガルリデュノール,https://suelog.jp/shops/2176,1,23,0.043478260869565216,5.695652173913044
キミエール 写真,https://suelog.jp/shops/3025,1,2,0.5,12
クラブジジ,https://suelog.jp/shops/2926,1,78,0.01282051282051282,8.243589743589745
クラブリリス 梅田,https://suelog.jp/shops/3364,1,49,0.02040816326530612,8.408163265306122
サカトリーナ(サカ鶏na),https://suelog.jp/shops/2103,1,21,0.047619047619047616,7.857142857142857
ザシングル 梅田,https://suelog.jp/shops/1925,1,258,0.003875968992248062,9.674418604651162
シーシャ梅田,https://suelog.jp/shops/2276,1,1,1,7
ジャズオントップ 梅田,https://suelog.jp/shops/376,1,30,0.03333333333333333,7.166666666666667
ジュークトゥエンティー,https://suelog.jp/shops/3471,1,34,0.029411764705882353,8.117647058823529
ジョージアカフェ 梅田,https://suelog.jp/shops/1921,1,6,0.16666666666666666,3
スタンドkoneko,https://suelog.jp/shops/34,1,16,0.0625,6.25
スタンドアイダ,https://suelog.jp/shops/1675,1,65,0.015384615384615385,7.569230769230769
スター リスト 梅田 レビュー,https://suelog.jp/shops/2174,1,3,0.3333333333333333,11.666666666666666
スナック,https://suelog.jp/shops/357,1,1,1,78
スナック かくれんぼ,https://suelog.jp/shops/442,1,10,0.1,1.4
スナックうみ,https://suelog.jp/shops/301,1,28,0.03571428571428571,7.642857142857143
スナックひまつぶし,https://suelog.jp/shops/504,1,6,0.16666666666666666,4.5
スーパー ポジティブ バー,https://suelog.jp/shops/1309,1,41,0.024390243902439025,5.024390243902439
ダイニングバーdank,https://suelog.jp/shops/532,1,2,0.5,10
ドトール 喫煙可能 店舗,https://suelog.jp/shops/2922,1,6,0.16666666666666666,6.666666666666667
バルチカ03 喫煙所,https://suelog.jp/shops/469,1,114,0.008771929824561403,10.728070175438596
ビアンバー 梅田,https://suelog.jp/shops/536,1,23,0.043478260869565216,5.782608695652174
ピポロ ホルモン,https://suelog.jp/shops/680,1,15,0.06666666666666667,9.2
ミスターレディ,https://suelog.jp/shops/2960,1,36,0.027777777777777776,6.416666666666667
モータースポーツバー,https://suelog.jp/shops/402,1,2,0.5,12.5
ラピーヌ ダイナー & カフェ,https://suelog.jp/shops/1970,1,16,0.0625,6.9375
ワイオリ 福島,https://suelog.jp/shops/3671,1,14,0.07142857142857142,9.071428571428571
ワイン-ヤ カワスミ,https://suelog.jp/shops/2979,1,3,0.3333333333333333,25.333333333333332
中崎町 居酒屋,https://suelog.jp/shops/34,1,1,1,18
中津食事処,https://suelog.jp/shops/266,1,1,1,1
串焼き屋台 鶴橋男串,https://suelog.jp/shops/2337,1,3,0.3333333333333333,13
勝商店 梅田,https://suelog.jp/shops/2972,1,99,0.010101010101010102,7.96969696969697
勝男 タバコ,https://suelog.jp/shops/2793,1,2,0.5,5
北新地 アウル,https://suelog.jp/shops/2207,1,4,0.25,10.75
北新地 スナック,https://suelog.jp/shops/650,1,2,0.5,2
北新地 焼肉 喫煙可,https://suelog.jp/shops/641,1,1,1,24
厳島 天満,https://suelog.jp/shops/220,1,46,0.021739130434782608,8.304347826086957
吸えログ,https://suelog.jp/shops/405/shop_reports/new,1,22,0.045454545454545456,1.4090909090909092
味もんじ,https://suelog.jp/shops/101,1,27,0.037037037037037035,6.148148148148148
喫煙は,https://suelog.jp/shops/2068,1,1,1,7
喫茶ルージュ,https://suelog.jp/shops/2332,1,18,0.05555555555555555,9.833333333333334
大国町 浪速区 居酒屋 restaurant bar【base】 大阪市,https://suelog.jp/shops/2299,1,58,0.017241379310344827,6.758620689655173
大阪ゲイバー,https://suelog.jp/shops/3052,1,1,1,8
天満 ラーテル,https://suelog.jp/shops/3936,1,5,0.2,9
天満 厳島,https://suelog.jp/shops/220,1,32,0.03125,5.6875
天満炭火焼鳥わっちょい,https://suelog.jp/shops/2028,1,4,0.25,26.75
山水,https://suelog.jp/shops/1886,1,1,1,1
川奈ビル,https://suelog.jp/shops/3682,1,7,0.14285714285714285,11.285714285714286
感彩人,https://suelog.jp/shops/3069,1,21,0.047619047619047616,8.80952380952381
新時代 居酒屋 喫煙,https://suelog.jp/shops/3749,1,1,1,1
新梅田食道街 喫煙可,https://suelog.jp/shops/237,1,28,0.03571428571428571,8.428571428571429
普通のスナック 梅田,https://suelog.jp/shops/354,1,44,0.022727272727272728,7.795454545454546
本格焼酎bar ニチヨウビ,https://suelog.jp/shops/1717,1,68,0.014705882352941176,8.779411764705882
東通り 相席屋,https://suelog.jp/shops/1925,1,14,0.07142857142857142,9.071428571428571
梅田 smバー,https://suelog.jp/shops/564,1,7,0.14285714285714285,14.571428571428571
梅田 おにぎり食べ放題,https://suelog.jp/shops/2294,1,1,1,10
梅田 ザシングル,https://suelog.jp/shops/1925,1,15,0.06666666666666667,9.266666666666667
梅田 ピノキオ,https://suelog.jp/shops/2193,1,4,0.25,8.25
梅田 個室 喫煙,https://suelog.jp/articles/umeda-private-room-smoking,1,7,0.14285714285714285,9.285714285714286
梅田 個室 喫煙可,https://suelog.jp/articles/umeda-private-room-smoking,1,10,0.1,10.1
梅田 喫煙 居酒屋 個室,https://suelog.jp/articles/umeda-private-room-smoking,1,14,0.07142857142857142,9
梅田 喫煙 居酒屋 安い,https://suelog.jp/articles/umeda-cheap-smoking-izakaya,1,5,0.2,9
梅田 喫煙可能 居酒屋,https://suelog.jp/umeda/genre/izakaya,1,1,1,22
梅田 居酒屋 個室 喫煙可,https://suelog.jp/articles/umeda-private-room-smoking,1,16,0.0625,9.8125
梅田スナック bar lounge chariot 大阪市,https://suelog.jp/shops/517,1,48,0.020833333333333332,5.666666666666667
湊町リバープレイス 喫煙所,https://suelog.jp/shops/1552,1,6,0.16666666666666666,3.3333333333333335
炭火焼鳥 あさヰ 中崎町,https://suelog.jp/shops/389,1,38,0.02631578947368421,5.921052631578948
炭火焼鳥あさヰ,https://suelog.jp/shops/389,1,7,0.14285714285714285,6.428571428571429
焼き鳥弘八,https://suelog.jp/shops/1953,1,28,0.03571428571428571,10.178571428571429
焼鳥 鐘鳥 南森町店,https://suelog.jp/shops/104,1,31,0.03225806451612903,6.548387096774194
獣道ジビエール,https://suelog.jp/shops/3403,1,45,0.022222222222222223,7.733333333333333
珈琲館 堂島ビルヂング店,https://suelog.jp/shops/2269,1,3,0.3333333333333333,4
町中華パンダ厨房,https://suelog.jp/shops/2089,1,18,0.05555555555555555,10.944444444444445
相席ラウンジ the single うめだ阪急東通り店,https://suelog.jp/shops/1925,1,68,0.014705882352941176,9.720588235294118
相席ラウンジ the single うめだ阪急東通り店 写真,https://suelog.jp/shops/1925,1,26,0.038461538461538464,9.423076923076923
福島駅 バー,https://suelog.jp/shops/3461,1,1,1,1
立ち呑み やっすん,https://suelog.jp/shops/1669,1,11,0.09090909090909091,6.090909090909091
自遊空間,https://suelog.jp/shops/717,1,2,0.5,4
若どり屋 天満店,https://suelog.jp/shops/2026,1,13,0.07692307692307693,19.615384615384617
西成二代目にしかわや 梅田本店,https://suelog.jp/shops/219,1,14,0.07142857142857142,9.071428571428571
近くのカラオケバー,https://suelog.jp/shops/4196,1,1,1,1
酒肆 黒崎,https://suelog.jp/shops/2008,1,14,0.07142857142857142,6.5
野田駅 居酒屋,https://suelog.jp/shops/79,1,1,1,2
鉄板神社大阪梅田バルチカ03 大阪市 レビュー,https://suelog.jp/shops/469,1,20,0.05,8.55
難波 鮨 宮 -kyu-,https://suelog.jp/shops/1492,1,20,0.05,8.2
黒門漁楽,https://suelog.jp/shops/1710,1,2,0.5,8.5
06 4309 6562,https://suelog.jp/shops/11,0,2,0,11
06 6867 7350,https://suelog.jp/shops/3757,0,2,0,10.5
0時 reizi 大阪市,https://suelog.jp/shops/85,0,33,0,7.363636363636363
0時 reizi 大阪市 レビュー,https://suelog.jp/shops/85,0,13,0,11.692307692307692
0時本店,https://suelog.jp/shops/85,0,1,0,34
101 居酒屋,https://suelog.jp/shops/3716,0,1,0,4
1920 肥後橋,https://suelog.jp/shops/3471,0,21,0,6.571428571428571
1969 3号店,https://suelog.jp/shops/3379,0,1,0,8
1969 3号店 写真,https://suelog.jp/shops/3379/shop_edit_requests/new,0,1,0,18
2026年もですか？,https://suelog.jp/shops/3044,0,1,0,3
24時間営業 花屋 梅田,https://suelog.jp/shops/408,0,1,0,1
3番街 喫煙所,https://suelog.jp/shops/1963,0,1,0,12
719 craft beer,https://suelog.jp/shops/4181,0,2,0,10
719 craft beer ナナイチキュウクラフトビール,https://suelog.jp/shops/4181,0,3,0,9.333333333333334
719クラフトビール,https://suelog.jp/shops/4181,0,1,0,9
7代目なお,https://suelog.jp/shops/2023,0,2,0,11
a bar,https://suelog.jp/shops/1654,0,3,0,7.666666666666667
a bar ア バー,https://suelog.jp/shops/1654,0,3,0,5.666666666666667
a bar ア バー,https://suelog.jp/shops/462,0,2,0,30.5
a-bar,https://suelog.jp/shops/462,0,1,0,9
ageha お初天神裏参道店,https://suelog.jp/shops/2078,0,2,0,16.5
ageha 梅田 ホテヘル,https://suelog.jp/shops/2078,0,2,0,46.5
ai-q/アイキュー,https://suelog.jp/shops/3357,0,1,0,10
aisekiya うめだ阪急東通り店,https://suelog.jp/shops/1925,0,10,0,25.6
aladin shisha lounge,https://suelog.jp/shops/1328,0,1,0,6
alternative bar gig'l,https://suelog.jp/shops/1306,0,4,0,21
amusez-vous,https://suelog.jp/shops/3158,0,1,0,9
api 北新地,https://suelog.jp/shops/2244,0,6,0,8
aqua シーシャバー 大阪梅田店,https://suelog.jp/articles/umeda-shisha-bar-matome,0,3,0,40.666666666666664
arneck,https://suelog.jp/shops/696,0,1,0,14
art-beat-cafe レビュー,https://suelog.jp/shops/3321,0,1,0,11
artas 梅田,https://suelog.jp/shops/1977,0,3,0,54.333333333333336
asobibar 梅田お初天神店,https://suelog.jp/shops/2995,0,28,0,10.678571428571429
asobibar 梅田茶屋町店,https://suelog.jp/shops/2770,0,2,0,9.5
at the bar,https://suelog.jp/shops/2936,0,5,0,9.6
axe bar,https://suelog.jp/shops/1508,0,1,0,48
b flat bar,https://suelog.jp/shops/3144,0,1,0,47
b4 梅田,https://suelog.jp/shops/2925,0,58,0,6.844827586206897
b4梅田,https://suelog.jp/shops/2925,0,55,0,6.581818181818182
baccers,https://suelog.jp/shops/2982,0,2,0,11.5
bar,https://suelog.jp/shops/411,0,1,0,1
bar 34,https://suelog.jp/shops/3198,0,1,0,8
bar 358,https://suelog.jp/shops/734,0,1,0,36
bar 4gats バークワトロガット,https://suelog.jp/shops/1605,0,7,0,14.142857142857142
bar 4gats バークワトロガット,https://suelog.jp/shops/1605/shop_edit_requests/new,0,1,0,47
bar ac depth バー エーシーデプス,https://suelog.jp/shops/703,0,6,0,17.5
bar ac depth バー エーシーデプス,https://suelog.jp/shops/703/shop_edit_requests/new,0,3,0,26
bar aglet,https://suelog.jp/shops/538,0,14,0,11.285714285714286
bar aglet バーアグレット,https://suelog.jp/shops/538,0,6,0,16.5
bar alain,https://suelog.jp/shops/2250,0,7,0,10.285714285714286
bar alive,https://suelog.jp/shops/748,0,3,0,40.333333333333336
bar amu,https://suelog.jp/shops/36,0,11,0,23.09090909090909
bar arc バーアーク 心斎橋,https://suelog.jp/shops/904,0,7,0,13.714285714285714
bar arlequin バー アルルカン,https://suelog.jp/shops/638,0,1,0,48
bar asumo バーアスモ お初天神店,https://suelog.jp/shops/3003,0,7,0,11.571428571428571
bar asumo バーアスモ お初天神店,https://suelog.jp/shops/3003/shop_reports/new,0,6,0,25.333333333333332
bar base ベース,https://suelog.jp/shops/2299,0,2,0,13
bar belle 梅田,https://suelog.jp/shops/485,0,1,0,10
bar blank,https://suelog.jp/shops/3487,0,1,0,8
bar blue 梅田,https://suelog.jp/shops/548,0,3,0,11.333333333333334
bar bota,https://suelog.jp/shops/695,0,7,0,20.571428571428573
bar branch,https://suelog.jp/shops/2283,0,1,0,6
bar c-moon バー シームーン,https://suelog.jp/shops/413,0,2,0,10
bar candle レビュー,https://suelog.jp/shops/3660,0,20,0,7.4
bar candle 写真,https://suelog.jp/shops/3660,0,4,0,8
bar chari,https://suelog.jp/shops/1602,0,1,0,11
bar cloud blank,https://suelog.jp/shops/3487,0,38,0,7.105263157894737
bar cocomo,https://suelog.jp/shops/1662,0,5,0,7.4
bar core,https://suelog.jp/shops/1599,0,18,0,5.888888888888889
bar craftman,https://suelog.jp/shops/732,0,2,0,9
bar eleven,https://suelog.jp/shops/4122,0,1,0,6
bar en,https://suelog.jp/shops/2719,0,2,0,9
bar failte(フォルチェ) 大阪市,https://suelog.jp/shops/585,0,13,0,3.6153846153846154
bar flat 梅田,https://suelog.jp/shops/3144,0,4,0,8
bar foggy,https://suelog.jp/shops/3727,0,3,0,7.666666666666667
bar galliano,https://suelog.jp/shops/674,0,4,0,9.75
bar glan,https://suelog.jp/shops/625,0,18,0,7.166666666666667
bar glass s,https://suelog.jp/shops/700,0,3,0,4.666666666666666
bar glory flower バーグローリーフラワー,https://suelog.jp/shops/629,0,3,0,14.333333333333334
bar hana,https://suelog.jp/shops/2277,0,1,0,10
bar heather honey,https://suelog.jp/shops/623,0,2,0,13
bar heather honey バー ヘザー ハニー,https://suelog.jp/shops/623,0,7,0,16.57142857142857
bar hells,https://suelog.jp/shops/1727,0,1,0,9
bar hey,https://suelog.jp/shops/668,0,1,0,9
bar hey hey,https://suelog.jp/shops/668,0,5,0,8
bar hirose,https://suelog.jp/shops/3432,0,8,0,11.5
bar ignition,https://suelog.jp/shops/1660,0,14,0,9
bar ignition レビュー,https://suelog.jp/shops/1660,0,24,0,9.583333333333334
bar ippuku,https://suelog.jp/shops/965,0,37,0,5.972972972972973
bar ish,https://suelog.jp/shops/3434,0,4,0,4.5
bar ish バーイッシュ,https://suelog.jp/shops/3434,0,3,0,13.666666666666666
bar islet,https://suelog.jp/shops/624,0,13,0,10.153846153846153
bar jin,https://suelog.jp/shops/3095,0,3,0,10
bar jin 仁、 バー ジン,https://suelog.jp/shops/3095,0,7,0,10.142857142857142
bar jin 仁、 バー ジン,https://suelog.jp/shops/3095/shop_edit_requests/new,0,2,0,39
bar jin 仁、 バー ジン,https://suelog.jp/shops/3095/shop_reports/new,0,2,0,34
bar jugemu バー ジュゲム,https://suelog.jp/shops/2805,0,1,0,31
bar juniper,https://suelog.jp/shops/3761,0,18,0,9.666666666666666
bar juniper 写真,https://suelog.jp/shops/3761,0,8,0,9.5
bar jura,https://suelog.jp/shops/530,0,6,0,9
bar k,https://suelog.jp/shops/694,0,1,0,45
bar kadom,https://suelog.jp/shops/581,0,24,0,8.25
bar kadom カドム,https://suelog.jp/shops/581,0,3,0,21
bar kafka,https://suelog.jp/shops/377,0,2,0,4
bar kings,https://suelog.jp/shops/1467,0,7,0,8.571428571428571
bar kings バー キングス,https://suelog.jp/shops/1467,0,10,0,5.2
bar kings 北新地,https://suelog.jp/shops/1467,0,1,0,11
bar kokomo,https://suelog.jp/shops/1662,0,11,0,5.363636363636363
bar kokon,https://suelog.jp/shops/2857,0,4,0,11.5
bar la,https://suelog.jp/shops/1981,0,7,0,8.285714285714285
bar la cour,https://suelog.jp/shops/286,0,2,0,20
bar lacour レビュー,https://suelog.jp/shops/286,0,8,0,11
bar law less,https://suelog.jp/shops/1761,0,4,0,6.25
bar lemon,https://suelog.jp/shops/3661,0,1,0,6
bar lil farm,https://suelog.jp/shops/690,0,6,0,9.333333333333334
bar lips バー リップス,https://suelog.jp/shops/2771,0,1,0,10
bar madre,https://suelog.jp/shops/3203,0,2,0,2
bar maru,https://suelog.jp/shops/697,0,4,0,5.75
bar mm,https://suelog.jp/shops/3786,0,7,0,15.714285714285714
bar moment,https://suelog.jp/shops/3196,0,13,0,7.153846153846154
bar moment 西天満,https://suelog.jp/shops/3196,0,7,0,13.285714285714286
bar moon walk なんば店,https://suelog.jp/shops/1597,0,34,0,9.529411764705882
bar mustang,https://suelog.jp/shops/1304,0,33,0,7.0606060606060606
bar mustang osaka,https://suelog.jp/shops/1304,0,2,0,7
bar na nog バルナノーグ,https://suelog.jp/shops/3099,0,3,0,15.666666666666666
bar nagi,https://suelog.jp/shops/2722,0,7,0,8.285714285714285
bar nagi ナギ,https://suelog.jp/shops/2722,0,2,0,7
bar nektar,https://suelog.jp/shops/2893,0,4,0,6.75
bar nellie,https://suelog.jp/shops/271,0,1,0,37
bar nellie 梅田,https://suelog.jp/shops/271,0,4,0,10.5
bar noisy,https://suelog.jp/shops/691,0,5,0,6.8
bar nol,https://suelog.jp/shops/2775,0,1,0,11
bar noma,https://suelog.jp/shops/3481,0,4,0,5
bar nord,https://suelog.jp/shops/3738,0,19,0,10.736842105263158
bar nord バー ノルド,https://suelog.jp/shops/3738,0,5,0,31.4
bar novel バー ノベル,https://suelog.jp/shops/378,0,1,0,31
bar novel 写真,https://suelog.jp/shops/378,0,1,0,5
bar ocean 心斎橋店,https://suelog.jp/shops/3679,0,1,0,24
bar ocean 梅田店,https://suelog.jp/,0,1,0,26
bar ocean 梅田店,https://suelog.jp/shops/3274,0,1,0,50
bar ocean 梅田店,https://suelog.jp/shops/3679,0,11,0,6
bar ones,https://suelog.jp/shops/4197,0,1,0,5
bar ones 南森町,https://suelog.jp/shops/4197,0,2,0,7
bar pandemic バーパンデミック,https://suelog.jp/shops/526,0,3,0,11.333333333333334
bar pandemic バーパンデミック,https://suelog.jp/shops/526/shop_edit_requests/new,0,4,0,29.5
bar pandemic バーパンデミック,https://suelog.jp/shops/526/shop_reports/new,0,4,0,33.75
bar peace 大阪市,https://suelog.jp/shops/2918,0,21,0,3
bar peat,https://suelog.jp/shops/2714,0,1,0,12
bar pero,https://suelog.jp/shops/731,0,1,0,9
bar pooh 梅田,https://suelog.jp/shops/3554,0,1,0,11
bar power spot,https://suelog.jp/shops/3006,0,7,0,7.571428571428571
bar queue,https://suelog.jp/shops/3448,0,2,0,7
bar r:aguna 大阪市,https://suelog.jp/shops/539,0,53,0,4.6415094339622645
bar reef,https://suelog.jp/shops/2816,0,8,0,6.25
bar renee,https://suelog.jp/shops/3301,0,9,0,9.555555555555555
bar renée,https://suelog.jp/shops/3301,0,3,0,11.333333333333334
bar rise,https://suelog.jp/shops/543,0,3,0,10.333333333333334
bar rise 梅田,https://suelog.jp/shops/543,0,11,0,10.272727272727273
bar rounds,https://suelog.jp/shops/549,0,4,0,7.25
bar roy,https://suelog.jp/shops/285,0,1,0,10
bar s'ead,https://suelog.jp/shops/405,0,3,0,6
bar s-1,https://suelog.jp/shops/405,0,1,0,22
bar sanée,https://suelog.jp/shops/626,0,64,0,9.109375
bar saravah,https://suelog.jp/shops/580,0,10,0,7.6
bar seed,https://suelog.jp/shops/405,0,1,0,1
bar select,https://suelog.jp/shops/3269,0,2,0,4.5
bar sense,https://suelog.jp/shops/2795,0,19,0,9.210526315789474
bar sip バー シップ 難波,https://suelog.jp/shops/1702,0,3,0,18
bar sisters,https://suelog.jp/shops/3478,0,7,0,5.428571428571429
bar soar,https://suelog.jp/shops/635,0,1,0,44
bar source,https://suelog.jp/shops/3933,0,1,0,10
bar source 中崎町店 大阪府 大阪市北区 黒埼町11-1 osaka,https://suelog.jp/shops/3933,0,3,0,8.666666666666668
bar source ２号店,https://suelog.jp/shops/3933,0,5,0,24
bar tas,https://suelog.jp/shops/2301,0,1,0,8
bar terra バー テラ,https://suelog.jp/shops/3148,0,4,0,32.5
bar tk バーティーケー,https://suelog.jp/shops/3938,0,1,0,43
bar tomo,https://suelog.jp/shops/563,0,3,0,3.6666666666666665
bar untrace,https://suelog.jp/shops/1661,0,6,0,10
bar vanilla,https://suelog.jp/shops/3277,0,3,0,5.333333333333333
bar zari,https://suelog.jp/shops/1602,0,23,0,11.130434782608695
bar オルデ,https://suelog.jp/shops/3266,0,10,0,5.7
bar オルデ,https://suelog.jp/shops/3266/shop_edit_requests/new,0,1,0,20
bar ナマズ,https://suelog.jp/shops/1553,0,6,0,9.166666666666666
bar 北浜 junk,https://suelog.jp/shops/3548,0,6,0,11.5
bar 北浜 junk,https://suelog.jp/shops/3548/shop_edit_requests/new,0,8,0,19.875
bar 北浜 junk,https://suelog.jp/shops/3548/shop_reports/new,0,4,0,37.75
bar 本色,https://suelog.jp/shops/3105,0,82,0,12.378048780487806
bar 本色,https://suelog.jp/shops/3105/shop_edit_requests/new,0,2,0,34.5
bar 本色,https://suelog.jp/shops/3105/shop_reports/new,0,2,0,36.5
bar 淙-sou- 大阪市 レビュー,https://suelog.jp/shops/3433,0,16,0,5.125
bar 狐,https://suelog.jp/shops/3045,0,6,0,8.666666666666668
bar-ish,https://suelog.jp/shops/3434,0,2,0,6.5
bar34,https://suelog.jp/shops/3198,0,11,0,6.454545454545454
barことり,https://suelog.jp/shops/1314,0,4,0,20.25
bar倉,https://suelog.jp/shops/1604,0,1,0,11
bar曽根崎心空,https://suelog.jp/shops/633,0,4,0,9.75
bar２ 喫煙可,https://suelog.jp/shops/3274,0,1,0,29
bar２ 喫煙可,https://suelog.jp/shops/3739,0,2,0,44.5
beer bar landnneur ランドヌール,https://suelog.jp/shops/374,0,3,0,14.333333333333334
beer bar landnneur ランドヌール,https://suelog.jp/shops/374/shop_reports/new,0,4,0,28.25
bell 新梅田食道街 大阪市,https://suelog.jp/shops/485,0,1,0,10
bell 梅田,https://suelog.jp/shops/485,0,1,0,28
blank cloud,https://suelog.jp/shops/3487,0,1,0,11
bloody angle osaka,https://suelog.jp/shops/367,0,3,0,10
bloody angle osaka tong,https://suelog.jp/shops/367,0,8,0,8.625
bottom time ボトムタイム,https://suelog.jp/shops/3138,0,16,0,6.75
branch bar,https://suelog.jp/shops/2283,0,1,0,18
cafe & bar roy ロイ,https://suelog.jp/shops/285,0,8,0,8.625
cafe & bar roy ロイ,https://suelog.jp/shops/285/shop_edit_requests/new,0,3,0,21
cafe & bar roy ロイ,https://suelog.jp/shops/285/shop_reports/new,0,4,0,38.25
cafe & bar spat's,https://suelog.jp/shops/1552,0,3,0,9.333333333333334
cafe and bar sol,https://suelog.jp/shops/3768,0,1,0,17
cafe andre,https://suelog.jp/shops/3447,0,18,0,9.277777777777779
cafe bar queue,https://suelog.jp/shops/3448,0,5,0,9.2
cafe cocodoco,https://suelog.jp/shops/1899,0,2,0,26
cafe cocodoco 写真,https://suelog.jp/shops/1899,0,1,0,9
cafe mieel,https://suelog.jp/shops/1716,0,1,0,4
cafe miel,https://suelog.jp/shops/1716,0,2,0,22
cafe queue,https://suelog.jp/shops/3448,0,12,0,6.416666666666667
cafe roy,https://suelog.jp/shops/285,0,1,0,10
cafe sanbankan 千里津雲台店,https://suelog.jp/shops/1741,0,1,0,21
cafe spat’s,https://suelog.jp/shops/1552,0,7,0,12.857142857142858
cafe& bar paddle-パドル-,https://suelog.jp/shops/636,0,1,0,11
cafe&bar kenwest ケンウェスト,https://suelog.jp/shops/3610,0,1,0,16
cafe&bar mitoco,https://suelog.jp/shops/2040,0,16,0,6.8125
cafe&bar queue 最寄り 駅,https://suelog.jp/shops/3448,0,2,0,12
cafe&bar seed,https://suelog.jp/shops/525,0,4,0,11.25
cafe&bar seed 梅田,https://suelog.jp/shops/525,0,3,0,10
cafe&diner encontre カフェ&ダイナー エンコンテレ,https://suelog.jp/shops/1117,0,5,0,11.8
cafe&diner encontre カフェ&ダイナー エンコンテレ メニュー,https://suelog.jp/shops/1117/shop_edit_requests/new,0,1,0,10
cafe&diner encontre カフェ&ダイナー エンコンテレ 写真,https://suelog.jp/shops/1117,0,1,0,3
cafe&diner encontre カフェ&ダイナー エンコンテレ 写真,https://suelog.jp/shops/1117/shop_edit_requests/new,0,1,0,8
cafe&dining boo,https://suelog.jp/shops/1690,0,10,0,10.6
cafe&dining boo カフェアンドダイニングブー,https://suelog.jp/shops/1690,0,5,0,6.8
cafe-bar cross,https://suelog.jp/shops/3712,0,3,0,16
cafe友恵,https://suelog.jp/shops/3978,0,2,0,7
cafe＆bar hey hey（バーヘイヘイ） 大阪市,https://suelog.jp/shops/668,0,12,0,8.416666666666668
cafe＆bar hey hey（バーヘイヘイ） 大阪市 レビュー,https://suelog.jp/shops/668,0,9,0,5.111111111111111
caffe luca 堂島アバンザ,https://suelog.jp/shops/3088,0,8,0,16
caffe piazza del popolo,https://suelog.jp/shops/194,0,1,0,7
caffe piazza del popolo 梅田スカイビル店,https://suelog.jp/shops/194,0,21,0,10.714285714285714
caffe piazza del popolo 梅田スカイビル店 メニュー,https://suelog.jp/shops/194,0,5,0,10.2
caffe pizza del popolo 梅田スカイビル店,https://suelog.jp/shops/194,0,17,0,10.647058823529411
caffè piazza del popolo,https://suelog.jp/shops/194,0,18,0,7.944444444444445
candle bar,https://suelog.jp/shops/3660,0,1,0,11
candle梅田,https://suelog.jp/shops/3660,0,6,0,10.166666666666666
candy 大阪,https://suelog.jp/shops/443,0,1,0,30
candy大阪,https://suelog.jp/shops/443,0,1,0,19
champagne&wine salon la cuvee シャンパン&ワイン サロン ラ キュベ,https://suelog.jp/shops/3442,0,8,0,23.125
chill lounge,https://suelog.jp/shops/3040,0,20,0,5.7
chill lounge 梅田,https://suelog.jp/shops/3040,0,39,0,9.384615384615385
chill lounge梅田店,https://suelog.jp/shops/3040,0,6,0,10.333333333333334
chill lounge梅田店 大阪市,https://suelog.jp/shops/3040,0,18,0,8.11111111111111
chill lounge梅田店 大阪市 レビュー,https://suelog.jp/shops/3040,0,5,0,7.6
chill spot チルスポット,https://suelog.jp/shops/3285,0,2,0,31
cinquecento,https://suelog.jp/shops/1521,0,2,0,82
cloud blank,https://suelog.jp/shops/3487,0,1,0,10
club lilith (リリス) レビュー,https://suelog.jp/shops/3364,0,20,0,10.35
clubzizi,https://suelog.jp/shops/2926,0,16,0,10.5625
cocktail machine,https://suelog.jp/shops/1762,0,7,0,8.571428571428571
collection 梅田 バー,https://suelog.jp/shops/2892,0,1,0,1
coo’s dining,https://suelog.jp/shops/2977,0,2,0,31
couzen,https://suelog.jp/shops/3050,0,1,0,11
craft beer base branch,https://suelog.jp/shops/486,0,1,0,18
craft sake bar hirose,https://suelog.jp/shops/3432,0,2,0,21.5
craftbeerbar,https://suelog.jp/shops/542,0,1,0,4
craftman umami,https://suelog.jp/shops/320,0,1,0,28
craftroom,https://suelog.jp/shops/574,0,6,0,8.5
crossy,https://suelog.jp/shops/3034,0,1,0,78
cucina cucina,https://suelog.jp/shops/3127,0,2,0,10.5
cucina cucina クチーナ クチーナ 北新地,https://suelog.jp/shops/3127,0,3,0,22.333333333333332
cucina cucina クチーナクチーナ,https://suelog.jp/shops/3127,0,1,0,12
dada 大阪市,https://suelog.jp/shops/3304,0,1,0,10
dada 大阪市 写真,https://suelog.jp/shops/3304,0,6,0,10
dada 梅田,https://suelog.jp/shops/3304,0,9,0,6.888888888888889
dada 焼き鳥,https://suelog.jp/shops/3304,0,1,0,9
darts&karaoke パーティー 901 qlay 梅田店,https://suelog.jp/shops/3259,0,4,0,39
def 中津,https://suelog.jp/shops/254,0,22,0,6.7272727272727275
dining bar alive,https://suelog.jp/shops/748,0,6,0,21.333333333333332
dining bar big up,https://suelog.jp/shops/2007,0,15,0,6.733333333333333
dining bar big up ダイニングバービッグアップ,https://suelog.jp/shops/2007,0,8,0,5.5
dining bar camp,https://suelog.jp/shops/2017,0,2,0,27.5
dining bar dank,https://suelog.jp/shops/532,0,7,0,17
dining bar liberty ダイニング バー リバティー 梅田店,https://suelog.jp/shops/502,0,3,0,35.333333333333336
dining bar m's,https://suelog.jp/shops/2074,0,2,0,46.5
dining bar m's,https://suelog.jp/shops/3391,0,5,0,37.8
dining&bar∞eight,https://suelog.jp/shops/2136,0,2,0,23.5
diningbar couzen コウゼン,https://suelog.jp/shops/3050,0,7,0,14.714285714285714
donna luciana,https://suelog.jp/shops/2735,0,2,0,11.5
dotonbori traveler's lounge,https://suelog.jp/shops/1777,0,1,0,11
dynamic kitchen & bar 響 中之島フェスティバルプラザ店,https://suelog.jp/shops/3327,0,5,0,34.8
e bar,https://suelog.jp/shops/693,0,1,0,6
e-bar,https://suelog.jp/shops/693,0,3,0,7.666666666666667
english,https://suelog.jp/shops/3321,0,1,0,5
eva member,https://suelog.jp/shops/3290,0,1,0,7
experience bar,https://suelog.jp/shops/1657,0,1,0,6
eバー,https://suelog.jp/shops/693,0,2,0,7.5
fab 梅田,https://suelog.jp/shops/22,0,4,0,12
farplane,https://suelog.jp/shops/1317,0,2,0,38
farplane parco店,https://suelog.jp/shops/1317,0,2,0,13
farplane レビュー,https://suelog.jp/shops/1317,0,1,0,11
fizz bar,https://suelog.jp/shops/1307,0,5,0,7.8
foce,https://suelog.jp/shops/2137,0,1,0,13
food bar 悠,https://suelog.jp/shops/3292,0,4,0,21.5
foodsbar・core,https://suelog.jp/shops/1599,0,1,0,33
for yu,https://suelog.jp/shops/934,0,9,0,8.777777777777779
fumus,https://suelog.jp/shops/2919,0,10,0,8.2
gammedcafe,https://suelog.jp/shops/1696,0,23,0,6.739130434782608
garb weeks,https://suelog.jp/shops/3608,0,54,0,36.98148148148148
garb weeks ガーブ ウィークス,https://suelog.jp/shops/3608,0,4,0,25.25
gino karaoke & darts ジーノ カラオケ アンド ダーツ,https://suelog.jp/shops/2897,0,5,0,13.8
goku bar,https://suelog.jp/shops/2978,0,1,0,10
graffiti bar,https://suelog.jp/shops/540,0,2,0,8
graffiti joker,https://suelog.jp/shops/540,0,1,0,10
grand bar,https://suelog.jp/shops/3552,0,1,0,1
grass グラス なんばアメ村店,https://suelog.jp/shops/1315,0,10,0,20.2
grass シーシャ,https://suelog.jp/shops/1315,0,10,0,8.8
grass シーシャ アメ村店,https://suelog.jp/shops/1315,0,21,0,6.571428571428571
gypsy13,https://suelog.jp/shops/1656,0,12,0,5.916666666666667
half way tree,https://suelog.jp/shops/1980,0,2,0,7.5
hana coffee,https://suelog.jp/shops/2212,0,2,0,7
heyhey bar,https://suelog.jp/shops/668,0,1,0,8
house bar muse,https://suelog.jp/shops/665,0,1,0,29
hubエキマルシェ大阪ウメスト店,https://suelog.jp/shops/457,0,8,0,30
ignition bar,https://suelog.jp/shops/1660,0,12,0,8.583333333333332
italian meat bal utility,https://suelog.jp/shops/3438,0,2,0,11
italian meat bal utility イタリアン ミートバル ユーティリティー,https://suelog.jp/shops/3438,0,13,0,8
izakaya kamonn,https://suelog.jp/shops/198,0,1,0,25
jaja bar レビュー,https://suelog.jp/shops/1889,0,1,0,19
"japan, 〒530-0011 osaka, kita ward, ofukacho, 6−38 グラングリーン大阪 北館 バー＆ラウンジ「!jaja! bar（ジャジャバー）」",https://suelog.jp/shops/1889,0,7,0,9.285714285714286
jaw dim,https://suelog.jp/shops/1912,0,3,0,10.333333333333334
jazz on top 梅田,https://suelog.jp/shops/376,0,6,0,7.666666666666667
jis namba,https://suelog.jp/shops/1778,0,5,0,16.4
john's lane,https://suelog.jp/shops/4185,0,1,0,6
jr難波 喫煙所,https://suelog.jp/namba,0,1,0,37
k club osaka,https://suelog.jp/shops/1725,0,5,0,6.6
k-club osaka,https://suelog.jp/shops/1725,0,2,0,6.5
kadom,https://suelog.jp/shops/581,0,4,0,6.5
kaffe bar nellie,https://suelog.jp/shops/271,0,2,0,30.5
kaffe bar nellie 予約,https://suelog.jp/shops/271,0,3,0,13.333333333333334
kaffe bar nellie 写真,https://suelog.jp/shops/271,0,1,0,18
kafka bar,https://suelog.jp/shops/377,0,1,0,5
kafka listening bar,https://suelog.jp/shops/377,0,1,0,12
kafka osaka,https://suelog.jp/shops/377,0,17,0,6.529411764705882
kafka the listening & bar 大阪市,https://suelog.jp/shops/377,0,18,0,8.333333333333332
kaisen nikuteppambaru okiumiya,https://suelog.jp/shops/3755,0,21,0,26.142857142857142
karaoke＆bar milimili 大阪市,https://suelog.jp/shops/3930,0,2,0,8
kemuri 北浜,https://suelog.jp/shops/214,0,1,0,10
kemuri 大阪市,https://suelog.jp/shops/214,0,6,0,10.166666666666666
kemuri 大阪市 レビュー,https://suelog.jp/shops/214,0,5,0,9.4
kiefel 阪急三番街店,https://suelog.jp/shops/1964,0,23,0,9.391304347826088
kiefel 阪急三番街店 レビュー,https://suelog.jp/shops/1964,0,2,0,11
kiefel 阪急三番街店 写真,https://suelog.jp/shops/1964,0,1,0,10
kirip,https://suelog.jp/shops/3556,0,1,0,11
kirip truman,https://suelog.jp/shops/3556,0,1,0,21
kitte 喫煙所,https://suelog.jp/shops/613,0,6,0,5.5
kitte 喫煙所 大阪,https://suelog.jp/shops/613,0,1,0,7
kitte 大阪 喫煙所,https://suelog.jp/shops/613,0,3,0,1
kitte 梅田 喫煙所,https://suelog.jp/shops/613,0,1,0,10
kitte大阪 喫煙所,https://suelog.jp/shops/613,0,4,0,3.25
kitte大阪喫煙所,https://suelog.jp/shops/613,0,4,0,7
koko head,https://suelog.jp/shops/1913,0,2,0,9.5
koko head cafe,https://suelog.jp/shops/1913,0,1,0,48
koko head cafe osaka,https://suelog.jp/shops/1913,0,4,0,17.75
koko head cafe osaka ココヘッドカフェ 大阪,https://suelog.jp/shops/1913,0,1,0,47
kou's,https://suelog.jp/shops/2977,0,3,0,5.333333333333333
kushiyakiyatai tsuruhashiotokogushi,https://suelog.jp/shops/2337,0,4,0,5.5
la champagne,https://suelog.jp/shops/3074,0,15,0,9.266666666666667
lapichu,https://suelog.jp/shops/1732,0,8,0,7.25
lapine 梅田,https://suelog.jp/shops/1970,0,1,0,11
le cercle,https://suelog.jp/shops/2954,0,21,0,20.38095238095238
liminal 天満,https://suelog.jp/shops/2720,0,7,0,8.857142857142858
lounge ange,https://suelog.jp/shops/719,0,4,0,10.5
lounge el,https://suelog.jp/shops/2004,0,2,0,4.5
m lounge,https://suelog.jp/shops/2245,0,2,0,5
mahaloja マハロジャ,https://suelog.jp/shops/3760,0,1,0,11
maharaja マハラジャ,https://suelog.jp/shops/3760,0,1,0,15
maharaja マハラジャ レビュー,https://suelog.jp/shops/3760,0,4,0,10.75
malt whisky bar,https://suelog.jp/shops/279,0,1,0,9
marciero,https://suelog.jp/shops/542,0,5,0,7.8
marciero マリシエロ,https://suelog.jp/shops/542,0,6,0,30.666666666666668
meat lab.8129,https://suelog.jp/shops/261,0,1,0,42
meat lab.8129 グランフロント大阪,https://suelog.jp/shops/261,0,1,0,31
memberseva,https://suelog.jp/shops/3290,0,1,0,2
mememe 梅田,https://suelog.jp/shops/228,0,20,0,8.65
miel cafe,https://suelog.jp/shops/1716,0,1,0,5
mojito 7 bar,https://suelog.jp/shops/414,0,1,0,10
musch ムッシュ 梅田hep前店,https://suelog.jp/shops/2929,0,1,0,48
musch ムッシュ 梅田hep前店,https://suelog.jp/shops/2929/shop_reports/new,0,1,0,47
musch ムッシュ 梅田hep前店,https://suelog.jp/shops/4209,0,3,0,27.666666666666668
musch ムッシュ 梅田曽根崎店,https://suelog.jp/articles/umeda-shisha-bar-matome,0,1,0,43
musch ムッシュ 梅田曽根崎店,https://suelog.jp/shops/2929,0,2,0,25.5
musch ムッシュ 梅田曽根崎店,https://suelog.jp/shops/2929/shop_reports/new,0,3,0,35
musch 大阪,https://suelog.jp/shops/2929,0,1,0,15
musch 曽根崎,https://suelog.jp/shops/2929,0,1,0,10
musch 梅田曽根崎店,https://suelog.jp/shops/2929,0,1,0,9
muse なんば 道頓堀 店 レビュー,https://suelog.jp/shops/1327,0,8,0,11
muse なんば 道頓堀店,https://suelog.jp/shops/1327,0,2,0,22
mustang bar,https://suelog.jp/shops/1304,0,5,0,7.6
mustangbar,https://suelog.jp/shops/1304,0,2,0,7.5
mustangs bar,https://suelog.jp/shops/1304,0,1,0,6
nakayan bar,https://suelog.jp/shops/750,0,1,0,13
nel なんばウォーク,https://suelog.jp/shops/1694,0,3,0,11.333333333333334
nito 梅田,https://suelog.jp/shops/3685,0,2,0,10.5
nnn なんば,https://suelog.jp/shops/1668,0,6,0,10.333333333333334
no name shisha cafe barお初天神店(ノーネームシーシャカフェバー),https://suelog.jp/shops/2970,0,1,0,9
north bar,https://suelog.jp/shops/673,0,1,0,12
north trunk,https://suelog.jp/shops/1900,0,1,0,13
north trunk ノーストランク グランフロント店,https://suelog.jp/shops/1900,0,3,0,25.666666666666668
north trunk(ノーストランク) グランフロント店,https://suelog.jp/shops/1900,0,2,0,26.5
nu 茶屋町 喫煙所,https://suelog.jp/shops/1967,0,8,0,11.125
nu茶屋町 喫煙所,https://suelog.jp/shops/1967,0,51,0,11.607843137254902
nu茶屋町喫煙所,https://suelog.jp/shops/1967,0,1,0,12
okiumiya,https://suelog.jp/shops/3755,0,1,0,30
ooluto kitchen bar,https://suelog.jp/shops/3068,0,16,0,7.125
ooluto kitchen bar,https://suelog.jp/shops/3068/shop_edit_requests/new,0,1,0,21
ooluto kitchen bar,https://suelog.jp/shops/3068/shop_reports/new,0,2,0,25
oriental lounge temma - オリエンタルラウンジ 天満 大阪市 レビュー,https://suelog.jp/shops/2000,0,1,0,5
ouyea,https://suelog.jp/shops/3081,0,2,0,3
ouyea,https://suelog.jp/shops/3081/shop_edit_requests/new,0,4,0,7.75
ouyea,https://suelog.jp/shops/3081/shop_reports/new,0,4,0,7.25
paddle,https://suelog.jp/shops/4198,0,1,0,2
parco 喫煙所,https://suelog.jp/shops/1317,0,12,0,7.166666666666667
parco喫煙所,https://suelog.jp/shops/1317,0,3,0,6
paska パスカ,https://suelog.jp/shops/2913,0,1,0,46
paska パスカ,https://suelog.jp/shops/3714,0,6,0,13.5
paska パスカ,https://suelog.jp/shops/3714/shop_reports/new,0,4,0,44
piazza del popolo,https://suelog.jp/shops/194,0,5,0,9.4
picoty 梅田,https://suelog.jp/shops/238,0,3,0,7.333333333333333
porori,https://suelog.jp/shops/1728,0,2,0,11
pronto プロント 大阪堂島店,https://suelog.jp/shops/714,0,7,0,34.57142857142857
pumpkin rock,https://suelog.jp/shops/2100,0,1,0,13
pumpkin rocks,https://suelog.jp/shops/2100,0,16,0,10.0625
pumpkin rocks レビュー,https://suelog.jp/shops/2100,0,11,0,10.272727272727273
pumpkinrocks パンプキンロックス 梅田店,https://suelog.jp/shops/2100,0,9,0,28.77777777777778
pupupu petit a petit bakery&kitchen プププ プティタプティ,https://suelog.jp/shops/4123,0,1,0,47
pupupu petit a petit bakery&kitchen プププ プティタプティ,https://suelog.jp/shops/4201,0,4,0,12.5
queue cafe,https://suelog.jp/shops/3448,0,1,0,8
queue cafe&rooftop,https://suelog.jp/shops/3448,0,28,0,10.142857142857142
queue カフェ,https://suelog.jp/shops/3448,0,201,0,8.432835820895523
queue カフェ 予約,https://suelog.jp/shops/3448,0,2,0,6.5
queue カフェ 大阪,https://suelog.jp/shops/3448,0,16,0,9.375
queue 中之島,https://suelog.jp/shops/3448,0,32,0,10.71875
queue 大阪,https://suelog.jp/shops/3448,0,48,0,10
queue 大阪カフェ,https://suelog.jp/shops/3448,0,17,0,9
queue 肥後橋,https://suelog.jp/shops/3448,0,11,0,10
queueカフェ,https://suelog.jp/shops/3448,0,46,0,8.652173913043478
queueカフェ 中之島,https://suelog.jp/shops/3448,0,34,0,9.382352941176471
queue中之島,https://suelog.jp/shops/3448,0,3,0,11.666666666666666
queue大阪,https://suelog.jp/shops/3448,0,2,0,10
queue大阪カフェ,https://suelog.jp/shops/3448,0,4,0,9.5
r623,https://suelog.jp/shops/675,0,4,0,5.75
r623 バー,https://suelog.jp/shops/675,0,7,0,8.714285714285715
r623 梅田,https://suelog.jp/shops/675,0,27,0,7.148148148148148
record bar moon shine,https://suelog.jp/shops/676,0,4,0,6.5
reef bar,https://suelog.jp/shops/2816,0,4,0,9.75
reefbar,https://suelog.jp/shops/2816,0,1,0,16
reizi,https://suelog.jp/shops/85,0,6,0,9.166666666666666
renee bar,https://suelog.jp/shops/3301,0,1,0,6
rise 梅田,https://suelog.jp/shops/543,0,1,0,11
rivers bar condo,https://suelog.jp/shops/3593,0,3,0,16.666666666666664
rock bar drink or die,https://suelog.jp/shops/3680,0,6,0,8.333333333333332
rock bar drink or die ロックバードリンクオアダイ,https://suelog.jp/shops/3680,0,8,0,11.125
rooftop bar le'a craft,https://suelog.jp/shops/2222,0,5,0,22.4
rush 梅田,https://suelog.jp/shops/2009,0,2,0,10
salon1201,https://suelog.jp/shops/3096,0,4,0,14.75
samboa bar,https://suelog.jp/shops/3762,0,1,0,38
samboa bar ヒルトンプラザ イースト店,https://suelog.jp/shops/3762,0,4,0,13.5
samboa osaka terminal,https://suelog.jp/shops/2048,0,2,0,10
sanwoon,https://suelog.jp/shops/1548,0,1,0,4
sayamistyle,https://suelog.jp/shops/1703,0,3,0,8.333333333333332
sayamistyle(サヤミスタイル) 難波の立ち飲み,https://suelog.jp/shops/1703,0,63,0,9.857142857142858
sayamistyle(サヤミスタイル) 難波の立ち飲み メニュー,https://suelog.jp/shops/1703,0,12,0,9.916666666666666
sayamistyle(サヤミスタイル) 難波の立ち飲み レビュー,https://suelog.jp/shops/1703,0,10,0,11
second fill,https://suelog.jp/shops/640,0,1,0,12
seed 梅田,https://suelog.jp/shops/525,0,1,0,18
shaka bar,https://suelog.jp/shops/1679,0,3,0,10.666666666666666
shaka bar osaka,https://suelog.jp/shops/1679,0,34,0,9.764705882352942
shamba 大阪アメ村店,https://suelog.jp/shops/1305,0,1,0,48
shisha cafe chill シーシャカフェチル 梅田堂山店,https://suelog.jp/shops/3040,0,2,0,44
shisha cafe fumus お初天神店,https://suelog.jp/shops/2919,0,3,0,29.333333333333332
shisha cafe fumus お初天神店,https://suelog.jp/shops/2970,0,2,0,39.5
shisha cafe fumus お初天神店,https://suelog.jp/shops/4210/shop_reports/new,0,1,0,44
shisha cafe fumus 梅田中崎町店,https://suelog.jp/shops/2919,0,3,0,44.333333333333336
shisha cafe fumus 梅田中崎町店,https://suelog.jp/shops/4210,0,2,0,27.5
shisha cafe fumus 梅田堂山店,https://suelog.jp/articles/umeda-shisha-bar-matome,0,4,0,43.25
shisha cafe fumus 梅田堂山店,https://suelog.jp/shops/2919,0,3,0,35.666666666666664
shisha cafe fumus 梅田堂山店,https://suelog.jp/shops/4210,0,3,0,19
shisha cafe fumus 梅田堂山店,https://suelog.jp/shops/4210/shop_reports/new,0,3,0,30
shisha cafe ras シーシャ カフェ ラス アメ村店,https://suelog.jp/shops/1305,0,1,0,43
shisha cafe&bar cachette カシェット,https://suelog.jp/shops/3173,0,8,0,32.625
shisha cafe&bar cachette カシェット,https://suelog.jp/shops/3173/shop_edit_requests/new,0,1,0,45
shisha cafe&bar link,https://suelog.jp/shops/323,0,12,0,9.916666666666666
shisha link,https://suelog.jp/shops/323,0,3,0,11
shot bar 1:8(ワンエイト),https://suelog.jp/shops/3258,0,3,0,7.666666666666667
shot bar nobu,https://suelog.jp/shops/280,0,1,0,11
shot bar nokonoko,https://suelog.jp/shops/403,0,1,0,8
shot bar oak,https://suelog.jp/shops/2804,0,1,0,36
shot bar one or eight,https://suelog.jp/shops/3258,0,8,0,8.75
shot bar one or eight ショットバー ワン オア エイト,https://suelog.jp/shops/3258,0,3,0,13.666666666666666
shot bar one：eight,https://suelog.jp/shops/3258,0,3,0,10.666666666666666
shot bar soar,https://suelog.jp/shops/635,0,9,0,8.777777777777779
shot bar ウイスキー研究所,https://suelog.jp/shops/1505,0,8,0,12.25
simbar,https://suelog.jp/shops/3100,0,1,0,8
site:onrender.com,https://suelog.jp/,0,2,0,3
six・plus・cafe,https://suelog.jp/shops/2997,0,2,0,30
sm 梅田,https://suelog.jp/shops/564,0,1,0,41
smバー 大阪,https://suelog.jp/shops/413,0,1,0,1
smバー 梅田,https://suelog.jp/shops/564,0,11,0,12.909090909090908
snack kumachan,https://suelog.jp/shops/3169,0,22,0,9.272727272727273
snack kumachan osaka,https://suelog.jp/shops/3169,0,5,0,9
snack ｚｅｎ,https://suelog.jp/shops/438,0,2,0,7
snack25 nico 大阪市,https://suelog.jp/shops/553,0,1,0,6
soar bar,https://suelog.jp/shops/635,0,2,0,9.5
soar bar ソアーバー,https://suelog.jp/shops/635,0,3,0,33.666666666666664
sol 梅田,https://suelog.jp/shops/3768,0,2,0,31
spat's,https://suelog.jp/shops/1552,0,1,0,9
sports bar seed,https://suelog.jp/shops/2749,0,8,0,9.125
stand alre スタンドアルル,https://suelog.jp/shops/575,0,9,0,17.444444444444443
stand fab,https://suelog.jp/shops/22,0,7,0,7.142857142857143
standing bar neo,https://suelog.jp/shops/3274,0,1,0,77
standing bar neo,https://suelog.jp/shops/491/shop_reports/new,0,1,0,25
star rist スターリスト 梅田お初天神店,https://suelog.jp/shops/2174,0,6,0,24
starrist,https://suelog.jp/shops/2174,0,1,0,11
super positive bar,https://suelog.jp/shops/1309,0,31,0,6.032258064516129
su梅田,https://suelog.jp/shops/3443,0,9,0,2.888888888888889
sweetmoon,https://suelog.jp/shops/564,0,1,0,8
sweetsとbar 悠,https://suelog.jp/shops/3292,0,9,0,8.777777777777779
sweetsとbar 悠 メニュー,https://suelog.jp/shops/3292,0,2,0,11
sweetsとbar 悠 レビュー,https://suelog.jp/shops/3292,0,4,0,10.75
tabangin,https://suelog.jp/shops/1697,0,2,0,8
tachinomi 奢酌楽 toyosaki standing bar & restaurant juggler 大阪市,https://suelog.jp/shops/345,0,1,0,5
take off bar,https://suelog.jp/shops/2292,0,2,0,5.5
takeoff bar,https://suelog.jp/shops/2292,0,1,0,4
technobar dfloor,https://suelog.jp/shops/527/shop_reports/new,0,1,0,89
technobar dfloor レビュー,https://suelog.jp/shops/527,0,1,0,21
terra bar,https://suelog.jp/shops/3148,0,1,0,4
thai cafe & restaurant tabangin ตะบันกิน,https://suelog.jp/shops/1697,0,5,0,10.8
thai cafe & restaurant tabangin ตะบันกิน レビュー,https://suelog.jp/shops/1697,0,21,0,9.904761904761905
thai cafe & restaurant tabangin タバンギン,https://suelog.jp/shops/1697,0,10,0,30.4
the auriental ジ オリエンタル,https://suelog.jp/shops/2939,0,3,0,21.333333333333332
the axe throwing bar,https://suelog.jp/shops/1508,0,1,0,35
the bar hana,https://suelog.jp/shops/2277,0,2,0,10
the drunken clam,https://suelog.jp/shops/1750,0,12,0,9.083333333333334
the public plum umeda ザ パブリック プラム ウメダ,https://suelog.jp/shops/453,0,1,0,38
the single うめだ阪急東通り店,https://suelog.jp/shops/1925,0,17,0,9.352941176470589
the single 営業時間,https://suelog.jp/shops/1925,0,5,0,6.6
the single 梅田阪急東通り店,https://suelog.jp/shops/1925,0,37,0,8.783783783783784
third place bar fizz,https://suelog.jp/shops/1307,0,16,0,9
third place bar fizz 大阪市,https://suelog.jp/shops/1307,0,12,0,5.583333333333333
third place shisha cafe&sweets bar,https://suelog.jp/shops/1538/shop_reports/new,0,1,0,27
third place shisha cafe&sweets bar メニュー,https://suelog.jp/shops/1538,0,11,0,8.818181818181818
third place shisha cafe&sweets bar レビュー,https://suelog.jp/shops/1538,0,26,0,7.769230769230769
third place shisha cafe&sweets bar 写真,https://suelog.jp/shops/1538,0,9,0,9.333333333333334
third place 心斎橋,https://suelog.jp/shops/1538,0,1,0,20
tk bar,https://suelog.jp/shops/3938,0,1,0,23
tom&jerry bar,https://suelog.jp/shops/630,0,8,0,12.375
tora鶏ya 梅田店,https://suelog.jp/shops/3759,0,1,0,33
toride umeda,https://suelog.jp/shops/3297,0,1,0,9
trecce,https://suelog.jp/shops/3484,0,1,0,6
trecce トレッチェ,https://suelog.jp/shops/3484,0,1,0,10
trecce トレッチェ,https://suelog.jp/shops/3484/shop_reports/new,0,2,0,40
treebar,https://suelog.jp/shops/1626,0,2,0,8.5
umeda girls bars,https://suelog.jp/shops/3562,0,1,0,39
umedaholic hotel café & bar,https://suelog.jp/shops/2202,0,1,0,22
unipon2kau2 ウーニーポンポンカウカウ,https://suelog.jp/shops/2930,0,7,0,24.285714285714285
universe osaka,https://suelog.jp/shops/490,0,5,0,8.2
uvillage,https://suelog.jp/shops/375,0,5,0,20.2
vamos bar,https://suelog.jp/shops/1752,0,5,0,9.4
vamos bar バモスバー,https://suelog.jp/shops/1752,0,3,0,20
vanilla 梅田,https://suelog.jp/shops/3277,0,3,0,7.666666666666667
vape 居酒屋,https://suelog.jp/articles/vape-smoking-review,0,1,0,13
vin de vin,https://suelog.jp/shops/2951,0,1,0,46
viva haus,https://suelog.jp/shops/488,0,32,0,6.46875
vivaハウス,https://suelog.jp/shops/488,0,1,0,7
warm cafe,https://suelog.jp/shops/394,0,1,0,6
wine baccers,https://suelog.jp/shops/2982,0,14,0,7.428571428571429
www.laipichu.com,https://suelog.jp/shops/1732,0,2,0,5.5
wythe club,https://suelog.jp/shops/1914,0,23,0,9.478260869565217
yakiniku tamaki,https://suelog.jp/shops/4080,0,5,0,45.2
yakinikuen 忍鬨 野田店,https://suelog.jp/shops/80,0,4,0,13.75
yebisu bar ヱビスバー ホワイティうめだ店,https://suelog.jp/shops/529,0,8,0,38.625
yodobloom sake 梅田店,https://suelog.jp/shops/289,0,1,0,20
yohaku,https://suelog.jp/shops/3490,0,1,0,2
yummy smile,https://suelog.jp/shops/1983,0,10,0,8.1
zen 大阪市,https://suelog.jp/shops/2134,0,2,0,11
zino bar,https://suelog.jp/shops/2897,0,1,0,11
zino umeda,https://suelog.jp/shops/2897,0,1,0,9
zino 中通り,https://suelog.jp/shops/2897,0,2,0,7.5
zino 中通り,https://suelog.jp/shops/546,0,5,0,26.2
zino 北新地,https://suelog.jp/shops/2897,0,2,0,15.5
zino 北新地,https://suelog.jp/shops/628,0,2,0,29
zino 天満,https://suelog.jp/shops/2814,0,7,0,10.428571428571429
zino 天神,https://suelog.jp/shops/628,0,4,0,27.75
zino 梅田,https://suelog.jp/shops/546,0,5,0,13.6
zino 梅田,https://suelog.jp/shops/628,0,5,0,23.8
zino 梅田東通り,https://suelog.jp/shops/2897,0,1,0,23
zino 梅田東通り,https://suelog.jp/shops/546,0,6,0,10.5
zino 高田馬場,https://suelog.jp/shops/546,0,2,0,29
zino天満,https://suelog.jp/shops/2814,0,2,0,8.5
ตะบันกิน,https://suelog.jp/shops/1697,0,4,0,10.5
”eight”lounge shisha 大阪市,https://suelog.jp/shops/2276,0,7,0,4
『fumus』梅田堂山店,https://suelog.jp/shops/4210,0,1,0,10
『fumus』梅田堂山店 レビュー,https://suelog.jp/shops/4210,0,11,0,4.181818181818182
〒530-0015 大阪府大阪市北区中崎西1丁目1-2 1f,https://suelog.jp/shops/2685,0,1,0,10
〒530-0015 大阪府大阪市北区中崎西1丁目1-2 1f,https://suelog.jp/shops/2801,0,2,0,10
〒530-0041 大阪府大阪市北区天神橋４丁目２−７ 天満松栄会館,https://suelog.jp/shops/2003,0,1,0,10
〒530-0041 大阪府大阪市北区天神橋４丁目２−７ 天満松栄会館,https://suelog.jp/shops/441,0,5,0,9.4
〒530-0041 大阪府大阪市北区天神橋４丁目４−２３,https://suelog.jp/shops/2804,0,1,0,6
〒530-0041 大阪府大阪市北区天神橋４丁目４−２３,https://suelog.jp/shops/2819,0,1,0,5
〒530-0056 大阪府大阪市北区兎我野町５−７ 日宝とがの町ビル b1,https://suelog.jp/shops/2905,0,38,0,10.18421052631579
あかねやこーひー,https://suelog.jp/shops/3044,0,2,0,9.5
あさい 中崎町,https://suelog.jp/shops/389,0,7,0,6.857142857142857
あばー,https://suelog.jp/shops/1654,0,2,0,4.5
あぷろ 03 梅田,https://suelog.jp/shops/2056,0,6,0,23.666666666666668
あまの家,https://suelog.jp/shops/388,0,5,0,8.4
いざかや炭屋,https://suelog.jp/shops/249,0,5,0,39.8
いざかや西澤,https://suelog.jp/shops/610,0,5,0,32.4
うしなべセンター,https://suelog.jp/shops/2156,0,10,0,6.1
うた吉,https://suelog.jp/shops/509,0,8,0,6.375
うた吉 梅田,https://suelog.jp/shops/509,0,12,0,5.166666666666667
うまいもんや心,https://suelog.jp/shops/212,0,1,0,6
うまいもんや心 肥後橋店,https://suelog.jp/shops/212,0,3,0,6.666666666666667
うまいもんや心・肥後橋店,https://suelog.jp/shops/212,0,11,0,14
うまみ屋 梅田,https://suelog.jp/shops/1949,0,1,0,26
うまみ屋 梅田店,https://suelog.jp/shops/1949,0,1,0,25
うめむら,https://suelog.jp/shops/3577,0,1,0,1
ええやん 北新地,https://suelog.jp/shops/3119,0,2,0,10.5
ええやん 北新地本店,https://suelog.jp/shops/3119,0,17,0,12.823529411764707
ええやん北新地本店,https://suelog.jp/shops/3119,0,3,0,8.666666666666668
えびすちゃん 梅田,https://suelog.jp/shops/1,0,1,0,28
えびすちゃん 梅田 お初天神店,https://suelog.jp/shops/1,0,3,0,23.333333333333332
えん ざ 北 新地,https://suelog.jp/shops/3341,0,50,0,7.24
えんざ 北新地,https://suelog.jp/shops/3341,0,54,0,7.703703703703703
えんざ北新地,https://suelog.jp/shops/3341,0,4,0,7.75
えん座 北新地,https://suelog.jp/shops/3341,0,25,0,7.48
えん座 北新地店,https://suelog.jp/shops/3341,0,10,0,10.1
おこげもんじゃ ラウンジ岡野 兎我野,https://suelog.jp/shops/2067,0,10,0,26.3
おこげもんじゃ ラウンジ岡野 兎我野,https://suelog.jp/shops/2067/shop_edit_requests/new,0,5,0,44.8
おこげもんじゃ ラウンジ岡野 兎我野,https://suelog.jp/shops/2067/shop_reports/new,0,8,0,44.125
おさけとごはん てっぺん シュセン,https://suelog.jp/shops/266,0,31,0,5.645161290322581
おしゃんてい,https://suelog.jp/shops/217,0,2,0,9.5
おでんとお蕎麦居酒屋 じんべえ,https://suelog.jp/shops/93,0,7,0,19.428571428571427
おでんとお蕎麦居酒屋じんべえ 2ビル店,https://suelog.jp/shops/93,0,10,0,8.9
おでんとお蕎麦居酒屋じんべえ2ビル店,https://suelog.jp/shops/93,0,26,0,9.192307692307692
おでんと串 大衆酒場 だるま商店,https://suelog.jp/shops/26,0,14,0,9.785714285714286
おにぎり,https://suelog.jp/shops/2294,0,2,0,7.5
おにぎりbar,https://suelog.jp/shops/2294,0,1,0,1
おにぎりbar kome＋ 大阪市,https://suelog.jp/shops/2294/shop_reports/new,0,7,0,8.428571428571429
おにぎりバー,https://suelog.jp/shops/2294,0,1,0,1
おばんざい ゲイ bar tchin-tchin バー ちんちん 大阪市,https://suelog.jp/shops/3052,0,16,0,2.9375
おばんざい ゲイ bar tchin-tchin バー ちんちん 大阪市,https://suelog.jp/shops/3052/shop_reports/new,0,16,0,8.875
おばんざいおでん魚居酒屋なんばエイト,https://suelog.jp/shops/1588,0,2,0,21
おばんざい鈴 夜 スナック,https://suelog.jp/shops/503,0,1,0,1
おふくろの味 大番,https://suelog.jp/shops/193,0,2,0,10
お初 天神 居酒屋 喫煙可,https://suelog.jp/shops/4,0,3,0,8.333333333333332
お初天神 bar,https://suelog.jp/shops/2292,0,1,0,2
お初天神 アソビバー,https://suelog.jp/shops/2995,0,1,0,11
お初天神 カラオケバー,https://suelog.jp/shops/3277,0,1,0,1
お初天神 カラオケバー,https://suelog.jp/shops/628,0,2,0,27.5
お初天神 シーシャ,https://suelog.jp/shops/2970,0,1,0,16
お初天神 スナック,https://suelog.jp/shops/509,0,2,0,1
お初天神 スナック,https://suelog.jp/shops/518,0,1,0,1
お初天神 タバコ吸える 居酒屋,https://suelog.jp/articles/ohatsutenjin-smoking-izakaya,0,4,0,12
お初天神 タバコ吸える 居酒屋,https://suelog.jp/shops/2995,0,8,0,29.625
お初天神 タバコ吸える 居酒屋,https://suelog.jp/shops/3003,0,10,0,39
お初天神 タバコ吸える 居酒屋,https://suelog.jp/shops/4,0,18,0,18.11111111111111
お初天神 タバコ吸える 居酒屋,https://suelog.jp/shops/4239,0,2,0,25
お初天神 喫煙可,https://suelog.jp/shops/4,0,3,0,11.333333333333334
お初天神 喫煙可 居酒屋,https://suelog.jp/shops/4,0,7,0,9.571428571428571
お初天神 喫煙所,https://suelog.jp/shops/2995,0,2,0,11
お初天神 喫煙所,https://suelog.jp/shops/3003,0,10,0,8.6
お初天神 居酒屋 喫煙可,https://suelog.jp/articles/ohatsutenjin-smoking-izakaya,0,3,0,16.333333333333336
お初天神 居酒屋 喫煙可,https://suelog.jp/shops/2172,0,4,0,33
お初天神 居酒屋 喫煙可,https://suelog.jp/shops/2995,0,11,0,22.181818181818183
お初天神 居酒屋 喫煙可,https://suelog.jp/shops/3003,0,9,0,37.22222222222222
お初天神 居酒屋 喫煙可,https://suelog.jp/shops/33,0,36,0,24.25
お初天神 居酒屋 喫煙可,https://suelog.jp/shops/4,0,17,0,11.470588235294118
お初天神 居酒屋 喫煙可,https://suelog.jp/shops/4238,0,4,0,27
お初天神 居酒屋 喫煙可,https://suelog.jp/shops/4239,0,2,0,24.5
お初天神応援団 勝男,https://suelog.jp/shops/3751,0,6,0,30.5
お晩酌 芽,https://suelog.jp/shops/671,0,1,0,13
お晩酌 芽 レビュー,https://suelog.jp/shops/671,0,2,0,10.5
お酒の美術館 リンクス梅田,https://suelog.jp/shops/269,0,1,0,11
お酒の美術館リンクス梅田店,https://suelog.jp/shops/269,0,4,0,11.5
お酒の美術館リンクス梅田店,https://suelog.jp/shops/269/shop_reports/new,0,1,0,43
お魚ときどきお肉 梅田店,https://suelog.jp/shops/1948,0,4,0,26.75
お魚と日本酒 七代目なお レビュー,https://suelog.jp/shops/2023,0,1,0,17
かがやきキッチン 梅田,https://suelog.jp/shops/1901,0,35,0,7.542857142857143
かくれんぼ スナック,https://suelog.jp/shops/442,0,1,0,1
かっちゃん 喫煙,https://suelog.jp/shops/3331,0,1,0,6
かっぱ横丁 喫煙所,https://suelog.jp/shops/1951,0,1,0,10
かっぱ横丁 百番,https://suelog.jp/shops/1951,0,7,0,11
かどや 西成,https://suelog.jp/shops/2633,0,5,0,11.4
かど升 梅田,https://suelog.jp/shops/3750,0,2,0,24.5
かぶんす,https://suelog.jp/shops/172,0,7,0,7.714285714285714
かわぐち 心斎橋,https://suelog.jp/shops/1107,0,1,0,22
かわのや 西梅田,https://suelog.jp/shops/50,0,1,0,11
かわの屋 西梅田本店,https://suelog.jp/shops/50,0,2,0,11
ぎょうざ茶包,https://suelog.jp/shops/2321,0,2,0,32
くいだおれビル 喫煙所,https://suelog.jp/shops/1777,0,3,0,11.666666666666666
げんげん 野田,https://suelog.jp/shops/248,0,7,0,7.571428571428571
この下,https://suelog.jp/shops/182,0,1,0,10
さしすせそ お初天神,https://suelog.jp/shops/33,0,1,0,19
さしすせそ 梅田,https://suelog.jp/shops/33,0,2,0,16.5
さしすせそお初天神,https://suelog.jp/shops/33,0,1,0,15
さやみすたいる,https://suelog.jp/shops/1703,0,3,0,9.666666666666666
さよならテンさん,https://suelog.jp/shops/3437,0,3,0,8
さよなら天さん 肥後橋,https://suelog.jp/shops/3437,0,1,0,16
しきの花,https://suelog.jp/shops/1576,0,2,0,21
しゃかりき 居酒屋,https://suelog.jp/shops/1735,0,1,0,9
しゃかりき432 難波元町店,https://suelog.jp/shops/1735,0,1,0,18
しんちゃん 大阪梅田堂山町,https://suelog.jp/shops/252,0,2,0,24
しん家 梅田,https://suelog.jp/shops/618,0,1,0,11
しん家 第2ビル,https://suelog.jp/shops/618,0,4,0,9.25
しーしゃ喫茶店 北新地店,https://suelog.jp/shops/3179,0,8,0,8.875
しーしゃ喫茶店 北新地店,https://suelog.jp/shops/3686,0,1,0,36
しーしゃ喫茶店 天満店,https://suelog.jp/shops/2738,0,3,0,8.333333333333332
しーしゃ喫茶店 梅田店,https://suelog.jp/shops/2920,0,1,0,9
じゃうでぃむ,https://suelog.jp/shops/1912,0,4,0,7.75
じんべえ おでん,https://suelog.jp/shops/93,0,1,0,36
じんべえ 梅田,https://suelog.jp/shops/93,0,3,0,23
じんべえ 梅田 第2ビル,https://suelog.jp/shops/93,0,10,0,9.3
じんべえ 駅ビル,https://suelog.jp/shops/93,0,1,0,9
すがた 焼き鳥,https://suelog.jp/shops/3666,0,1,0,8
すきや めん 口コミ,https://suelog.jp/shops/1284,0,1,0,20
すきやめん,https://suelog.jp/shops/1284,0,4,0,11
すきやめん 島之内,https://suelog.jp/shops/1284,0,11,0,9.090909090909092
すし魚貴,https://suelog.jp/shops/2147,0,2,0,8.5
すみれ鳥 難波,https://suelog.jp/shops/1790,0,7,0,10.857142857142858
せんべろゆうじ,https://suelog.jp/shops/30,0,1,0,15
そば処 松風,https://suelog.jp/shops/222,0,6,0,23.5
たか鳥 なんば座裏店,https://suelog.jp/shops/1791,0,3,0,27.666666666666668
たこ焼き酒場 ん,https://suelog.jp/shops/3091,0,8,0,16.625
たじまや 輝 西天満,https://suelog.jp/shops/670,0,8,0,21.25
たちばなヒルトンプラザイースト店,https://suelog.jp/shops/98,0,1,0,28
たぬき 梅田,https://suelog.jp/shops/2142,0,1,0,10
だし まる,https://suelog.jp/shops/247,0,2,0,59
だしのや 梅田本店,https://suelog.jp/shops/363,0,2,0,17.5
だしまる 谷町四丁目,https://suelog.jp/shops/247,0,2,0,10
だぶるばい,https://suelog.jp/shops/1721,0,1,0,18
だるま 喫煙,https://suelog.jp/shops/26,0,2,0,15
だるま 喫煙,https://suelog.jp/shops/26/shop_reports/new,0,1,0,13
だるま商店 梅田,https://suelog.jp/shops/26,0,21,0,10.428571428571429
だるま商店 梅田 レビュー,https://suelog.jp/shops/26,0,4,0,12
だるま商店 梅田店,https://suelog.jp/shops/26,0,4,0,18
だるま商店梅田,https://suelog.jp/shops/26,0,2,0,13
ちはやぶる 北新地,https://suelog.jp/shops/3675,0,1,0,2
ちびすけ 南心斎橋店,https://suelog.jp/shops/1421,0,11,0,19.90909090909091
ちびすけ南心斎橋店,https://suelog.jp/shops/1421,0,1,0,11
ちょい呑み食堂 tutini,https://suelog.jp/shops/199,0,1,0,8
ちょい呑み食堂 tutini トゥティニ,https://suelog.jp/shops/199,0,3,0,22
ちんちんbar,https://suelog.jp/shops/3052,0,2,0,3
ちんちんばー,https://suelog.jp/shops/3052,0,3,0,9.666666666666666
ちんちんバー,https://suelog.jp/shops/3052,0,1,0,18
ちんちんバー,https://suelog.jp/shops/3052/shop_reports/new,0,1,0,66
ぢどり亭 大国町,https://suelog.jp/shops/2309,0,4,0,7.25
ぢどり亭 大国町店,https://suelog.jp/shops/2309,0,9,0,20.666666666666668
つるピカハゲ丸くん 京橋,https://suelog.jp/shops/4059,0,2,0,10.5
てっぱん色彩,https://suelog.jp/shops/4217,0,1,0,10
てっぺん 中津,https://suelog.jp/shops/266,0,2,0,4.5
てんまる 堀江,https://suelog.jp/shops/1549,0,8,0,10.125
とっとっと お初天神,https://suelog.jp/shops/3757,0,3,0,23.333333333333332
とっとっと 大阪梅田東通り店,https://suelog.jp/shops/3757,0,2,0,42
とっとっと 梅田,https://suelog.jp/shops/3757,0,1,0,38
とっとっと梅田お初天神,https://suelog.jp/shops/3757,0,1,0,21
とらとり や 梅田,https://suelog.jp/shops/3759,0,1,0,32
とり ぞう 梅田,https://suelog.jp/shops/27,0,1,0,19
とりえん 梅田,https://suelog.jp/shops/2055,0,1,0,27
とりぞう 梅田店,https://suelog.jp/shops/27,0,5,0,20
とりで 梅田,https://suelog.jp/shops/3297,0,7,0,9.285714285714286
とりで 梅田店,https://suelog.jp/shops/3297,0,1,0,31
とりで梅田,https://suelog.jp/shops/3297,0,1,0,7
とりとも 梅田,https://suelog.jp/shops/1953,0,14,0,9.5
とり友 梅田,https://suelog.jp/shops/1953,0,41,0,8.853658536585366
とり平 本店,https://suelog.jp/shops/1910,0,1,0,15
とり甚 北新地,https://suelog.jp/shops/3111,0,2,0,20
とん彩や,https://suelog.jp/shops/186,0,1,0,11
とん彩や 福島店,https://suelog.jp/shops/186,0,9,0,8.222222222222221
とん彩や福島店,https://suelog.jp/shops/186,0,1,0,6
とん彩や福島店 レビュー,https://suelog.jp/shops/186,0,1,0,11
どんがめ 喫煙,https://suelog.jp/shops/2647,0,1,0,11
なごみバー roots,https://suelog.jp/shops/966,0,21,0,11.333333333333334
なんなんタウン双葉プラザ,https://suelog.jp/shops/2309,0,1,0,34
なんば ジス,https://suelog.jp/shops/1778,0,2,0,9
なんば フレッシュ,https://suelog.jp/shops/1678,0,7,0,9
なんば 鮨 宮 レビュー,https://suelog.jp/shops/1492,0,11,0,10.727272727272727
なんばウォーク 喫煙所,https://suelog.jp/shops/1694/shop_edit_requests/new,0,1,0,48
なんばエイト,https://suelog.jp/shops/1588,0,1,0,9
なんばエイト レビュー,https://suelog.jp/shops/1588,0,3,0,8.666666666666668
にしかわや 梅田,https://suelog.jp/shops/219,0,5,0,7.2
のこされ島,https://suelog.jp/shops/2300,0,5,0,25.8
はぐれ雲なんば,https://suelog.jp/shops/1561,0,2,0,9.5
はた坊 北新地,https://suelog.jp/articles/umeda-kitashinchi-osaka-local-gourmet-10/track_shop_click?shop_id=4213,0,1,0,20
ばーちんちん,https://suelog.jp/shops/3052,0,11,0,7.090909090909091
ひら 井 梅田,https://suelog.jp/shops/265,0,1,0,15
ひら井 梅田,https://suelog.jp/shops/265,0,1,0,18
ひろはち 梅田,https://suelog.jp/shops/1953,0,2,0,8
ひろ寿司 梅田,https://suelog.jp/shops/2802,0,1,0,10
びりちゃん 第三ビル,https://suelog.jp/shops/616,0,1,0,8
ふかもと,https://suelog.jp/shops/3752,0,1,0,11
ふかもと 西梅田店,https://suelog.jp/shops/3752,0,2,0,20.5
ぺろぺろばー,https://suelog.jp/shops/731,0,2,0,10
ぺろぺろバー,https://suelog.jp/shops/731,0,5,0,8.8
ほっこりリビング田なか,https://suelog.jp/shops/3941,0,2,0,11.5
ぼくたかし,https://suelog.jp/shops/3226,0,2,0,5
まじめや 梅田,https://suelog.jp/shops/3753,0,1,0,15
まじめや尼崎駅前店,https://suelog.jp/shops/3753,0,1,0,31
まっちる,https://suelog.jp/shops/398,0,2,0,14
まっちる シーシャカフェ&バー,https://suelog.jp/shops/398,0,3,0,10.333333333333334
まつたけ 北新地,https://suelog.jp/shops/180,0,2,0,21.5
まどもあぜる,https://suelog.jp/shops/1280,0,4,0,42.5
まねきねこ 京橋 料金,https://suelog.jp/shops/4103,0,1,0,25
まるかつ 十三,https://suelog.jp/shops/223,0,4,0,8
まる八とり友,https://suelog.jp/shops/1953,0,17,0,7.588235294117647
むに 喫煙,https://suelog.jp/shops/3,0,3,0,8.333333333333332
むにむに 梅田,https://suelog.jp/shops/522,0,2,0,11
むにむに梅田,https://suelog.jp/shops/522,0,3,0,10.333333333333334
もじもじ 北新地,https://suelog.jp/shops/737,0,3,0,28
もじもじ 焼肉,https://suelog.jp/shops/737,0,3,0,7.333333333333333
もつ小屋酒膳ゆう,https://suelog.jp/shops/306,0,15,0,22.2
もみの木,https://suelog.jp/shops/2334,0,1,0,8
もみの木 喫茶店,https://suelog.jp/shops/2334,0,2,0,9
もみの木 大国町,https://suelog.jp/shops/2334,0,31,0,7.193548387096774
やきとり大富豪,https://suelog.jp/shops/40,0,6,0,10.333333333333334
やきとり居酒屋daigomi53,https://suelog.jp/shops/3641,0,13,0,8
やきとり瓦,https://suelog.jp/shops/3278,0,17,0,8.882352941176471
やっすん,https://suelog.jp/shops/1669,0,6,0,9.5
ゆめ咲小町,https://suelog.jp/shops/681,0,5,0,26.4
よいどころまる,https://suelog.jp/shops/225,0,1,0,5
よるは？,https://suelog.jp/shops/1899,0,1,0,2
りんご屋 駅ビル,https://suelog.jp/shops/552,0,2,0,9.5
ろくきゅう,https://suelog.jp/shops/3379,0,1,0,1
わかめ,https://suelog.jp/shops/515,0,1,0,5
わびすけ 難波,https://suelog.jp/shops/1610,0,1,0,32
わびすけ 難波本店,https://suelog.jp/shops/1610,0,6,0,33.833333333333336
わびすけ本店,https://suelog.jp/shops/1610,0,7,0,32.57142857142857
アウル 北新地,https://suelog.jp/shops/2207,0,9,0,10.666666666666666
アオバル,https://suelog.jp/shops/319,0,8,0,6.5
アジアン食堂チョロヤ,https://suelog.jp/shops/923,0,16,0,9
アジト 梅田,https://suelog.jp/shops/2095,0,1,0,1
アソビバー お初天神,https://suelog.jp/shops/2995,0,7,0,11.714285714285714
アソビバー 喫煙,https://suelog.jp/shops/2770,0,1,0,4
アソビバー 喫煙,https://suelog.jp/shops/2995,0,3,0,3
アソビバー 梅田お初天神,https://suelog.jp/shops/2995,0,1,0,10
アソビバー 梅田茶屋町,https://suelog.jp/shops/2770,0,1,0,10
アソビバーお初天神,https://suelog.jp/shops/2995,0,1,0,11
アッパレ シーシャ アメ 村,https://suelog.jp/shops/1305,0,1,0,10
アッパレ シーシャ アメ村,https://suelog.jp/shops/1305,0,12,0,8.5
アッパレシーシャ アメ村,https://suelog.jp/shops/1305,0,12,0,7.916666666666667
アドリア 喫茶店,https://suelog.jp/shops/1885,0,6,0,10.166666666666666
アバンザ 喫煙所,https://suelog.jp/shops/3088,0,6,0,10.166666666666666
アバンザ堂島 喫煙所,https://suelog.jp/shops/3088,0,1,0,10
アブサン ソラー なんばダイニングメゾン店,https://suelog.jp/shops/1782,0,1,0,21
アブサンソラー なんばダイニングメゾン店,https://suelog.jp/shops/1782,0,4,0,15.25
アプレシオ 福島,https://suelog.jp/shops/91,0,1,0,10
アミュゼヴ,https://suelog.jp/shops/3158,0,2,0,11
アメ村 シーシャ,https://suelog.jp/shops/1305,0,8,0,10.375
アメ村シーシャ,https://suelog.jp/shops/1305,0,3,0,9.666666666666666
アライブ,https://suelog.jp/shops/748,0,1,0,1
アリオリ酒場,https://suelog.jp/shops/2818/shop_reports/new,0,1,0,47
アルル 喫煙所,https://suelog.jp/shops/575,0,23,0,6.521739130434782
アンジュ 福島,https://suelog.jp/shops/719,0,1,0,1
アンジュアンジュ シャンパン通り,https://suelog.jp/shops/3353,0,1,0,11
アンティーク 梅田,https://suelog.jp/shops/2921,0,4,0,8.75
アンドジョーカー ネオ 大阪府 大阪市北区 曽根崎新地 1-5-8 ピアースエイトビル 5 osaka,https://suelog.jp/shops/3274,0,2,0,10
アンバー 大阪市北区堂島,https://suelog.jp/shops/541,0,3,0,41.333333333333336
アーネック,https://suelog.jp/shops/696,0,5,0,16.6
アーネック 福島,https://suelog.jp/shops/696,0,1,0,8
イザカヤキツネ天満店 レビュー,https://suelog.jp/shops/203,0,62,0,10.32258064516129
イタリアン バル カナル,https://suelog.jp/shops/3485,0,7,0,6.571428571428571
イタリアン&bar アトリエ,https://suelog.jp/shops/2303,0,3,0,21
イタリアン&bar アトリエ,https://suelog.jp/shops/2303/shop_edit_requests/new,0,3,0,35.333333333333336
イタリアン&bar アトリエ,https://suelog.jp/shops/2303/shop_reports/new,0,4,0,36.5
イタリアンダイニング グーフォ ビアンコ,https://suelog.jp/shops/3349,0,5,0,15.2
イタリアンダイニング グーフォ ビアンコ,https://suelog.jp/shops/3349/shop_edit_requests/new,0,3,0,24.333333333333332
イタリアンダイニング グーフォ ビアンコ,https://suelog.jp/shops/3349/shop_reports/new,0,2,0,37
イナリグリーン,https://suelog.jp/shops/1726,0,2,0,31.5
イナリグリーン レビュー,https://suelog.jp/shops/1726,0,2,0,10.5
イナリグリーン 桜川,https://suelog.jp/shops/1726,0,1,0,10
イノゲート 喫煙所,https://suelog.jp/shops/469,0,3,0,12.666666666666666
イノゲート大阪 喫煙所,https://suelog.jp/shops/469,0,4,0,12
イルアルバータ il alberta,https://suelog.jp/shops/3441,0,2,0,16
イル・ド・サンク,https://suelog.jp/shops/3072,0,1,0,11
イル・ド・サンク,https://suelog.jp/shops/3072/shop_edit_requests/new,0,1,0,41
イル・ド・サンク,https://suelog.jp/shops/3072/shop_reports/new,0,1,0,27
イワサキクラブ,https://suelog.jp/shops/1722,0,26,0,8.615384615384615
イワサキクラブ 大阪,https://suelog.jp/shops/1722,0,11,0,7.545454545454546
インド料理 マハラジャ,https://suelog.jp/shops/3760,0,1,0,35
ウイ 大阪市北区中崎,https://suelog.jp/shops/375,0,3,0,24.333333333333332
ウイスキーボトルバーブル 北新地店,https://suelog.jp/shops/3225,0,8,0,11.25
ウイスキーボトルバーブル 北新地店,https://suelog.jp/shops/3225/shop_edit_requests/new,0,1,0,43
ウイスキーボトルバーブル 北新地店,https://suelog.jp/shops/3225/shop_reports/new,0,10,0,21.8
ウイスキーボトルバーブル 本店,https://suelog.jp/shops/3225,0,4,0,27.5
ウイスキーボトルバーブル 本店,https://suelog.jp/shops/3225/shop_reports/new,0,7,0,29.142857142857142
ウッディパブ山小屋,https://suelog.jp/shops/3939,0,1,0,9
ウメスト,https://suelog.jp/shops/457,0,1,0,10
ウーゾ カフェ,https://suelog.jp/shops/1534,0,2,0,10.5
エキマルシェ大阪 喫煙所,https://suelog.jp/shops/457,0,3,0,12.666666666666666
エスカイヤクラブ 大阪駅前第３ビル店,https://suelog.jp/shops/2164,0,4,0,20.25
エスカイヤクラブosビル店,https://suelog.jp/shops/2068,0,6,0,24.5
エスカイヤクラブosビル店,https://suelog.jp/shops/2068/shop_reports/new,0,2,0,44.5
エスカイヤクラブ駅前第3ビル店,https://suelog.jp/shops/2164,0,2,0,12
エスカイヤクラブ駅前第３ビル店 レビュー,https://suelog.jp/shops/2164,0,7,0,11.285714285714286
エスカイヤクラブ駅前第３ビル店 写真,https://suelog.jp/shops/2164,0,3,0,10.666666666666666
エノリス,https://suelog.jp/shops/4186,0,1,0,11
エビスちゃん酒場 梅田店,https://suelog.jp/shops/1,0,3,0,27.666666666666668
エビスバーホワイティうめだ店,https://suelog.jp/shops/529,0,7,0,30.714285714285715
オアシス 喫煙所,https://suelog.jp/shops/2333,0,1,0,9
オモニ梅田,https://suelog.jp/shops/1960,0,1,0,7
オリエンタル 梅田,https://suelog.jp/shops/1927,0,1,0,13
オリエンタルラウンジ タバコ,https://suelog.jp/shops/1927,0,1,0,8
オリエンタルラウンジ 喫煙,https://suelog.jp/shops/1927,0,3,0,6.333333333333333
オリエンタルラウンジ 大阪駅,https://suelog.jp/shops/1927,0,4,0,10.75
オリエンタルラウンジ 大阪駅前,https://suelog.jp/shops/1927,0,158,0,11.025316455696203
オリエンタルラウンジ 大阪駅前店,https://suelog.jp/shops/1927,0,5,0,11.6
オリエンタルラウンジ 天満,https://suelog.jp/shops/2000,0,4,0,9
オリエンタルラウンジ大阪 駅前,https://suelog.jp/shops/1927,0,13,0,10.76923076923077
オリエンタルラウンジ大阪駅前,https://suelog.jp/shops/1927,0,74,0,10.027027027027026
オリエンタルラウンジ大阪駅前 レビュー,https://suelog.jp/shops/1927,0,16,0,10.6875
オリエンタルラウンジ大阪駅前 写真,https://suelog.jp/shops/1927,0,3,0,10.333333333333334
オリエンタルラウンジ大阪駅前店,https://suelog.jp/shops/1927,0,1,0,14
オリエンタルラウンジ天満,https://suelog.jp/shops/2000,0,1,0,11
オリエンタル大阪駅前,https://suelog.jp/shops/1927,0,25,0,9.56
オリラジ 大阪駅前,https://suelog.jp/shops/1927,0,1,0,11
オースリー 梅田,https://suelog.jp/shops/1924,0,13,0,11.384615384615385
オースリー梅田,https://suelog.jp/shops/1924,0,12,0,10.916666666666666
オーヨドアベニュー 梅田,https://suelog.jp/shops/297,0,1,0,9
カガヤキ,https://suelog.jp/shops/250,0,7,0,20.857142857142858
カガヤキ 福島,https://suelog.jp/shops/250,0,1,0,21
カクテルマシーン なんば,https://suelog.jp/shops/1762,0,2,0,11
カクテルマシーン 難波,https://suelog.jp/shops/1762,0,2,0,10
カクテルマシーン 難波店,https://suelog.jp/shops/1762,0,4,0,12.25
カクテルマシーンcocktail machine namba レビュー,https://suelog.jp/shops/1762,0,21,0,10.761904761904763
カクテルマシーン心斎橋店,https://suelog.jp/shops/1762,0,3,0,32.33333333333333
カジュアル和食 メゾンプラス,https://suelog.jp/shops/3374,0,8,0,24.875
カジュアル和食 メゾンプラス 梅田,https://suelog.jp/shops/3374,0,3,0,8
カドム 北新地,https://suelog.jp/shops/581,0,1,0,11
カフェ ピアッツア デル ポポロ,https://suelog.jp/shops/194,0,2,0,10
カフェ ミエル,https://suelog.jp/shops/1716,0,1,0,3
カフェ ミエル と は 飲み物,https://suelog.jp/shops/1716,0,8,0,1
カフェ 三番館,https://suelog.jp/shops/1741,0,1,0,9
カフェ 現在営業中,https://suelog.jp/shops/3461,0,1,0,1
カフェ&bar 梅田ホリックホテル内,https://suelog.jp/shops/2202,0,11,0,35.18181818181818
カフェ&バー grass グラス なんば心斎橋店,https://suelog.jp/shops/1315,0,8,0,32.375
カフェ&ビストロ for yu,https://suelog.jp/shops/934,0,9,0,11.333333333333334
カフェ&ビストロ for yu 写真,https://suelog.jp/shops/934,0,2,0,9.5
カフェアロンジ,https://suelog.jp/shops/1972,0,4,0,8.25
カフェクロス,https://suelog.jp/shops/3712,0,1,0,8
カフェド杏道麗,https://suelog.jp/shops/3447,0,9,0,5.222222222222222
カフェバーdonna,https://suelog.jp/shops/2735,0,2,0,41
カフェバーノーネーム,https://suelog.jp/shops/2970,0,2,0,18.5
カフェミエル,https://suelog.jp/shops/1716,0,5,0,3.6
カフェミエル 喫煙,https://suelog.jp/shops/1716,0,4,0,5.75
カフェミエル 喫煙,https://suelog.jp/shops/1716/shop_edit_requests/new,0,1,0,11
カフェミエル 喫煙,https://suelog.jp/shops/1716/shop_reports/new,0,1,0,7
カフェ・ド・プティ,https://suelog.jp/shops/2329,0,1,0,3
カフェ・プチ・アンドレ,https://suelog.jp/shops/3447,0,1,0,12
カフェ・ミエル,https://suelog.jp/shops/1716,0,2,0,3.5
カフェ三番館,https://suelog.jp/shops/1741,0,6,0,10.666666666666666
カフェ三番館なんば店,https://suelog.jp/shops/1741,0,9,0,8
カフェ三番館なんば店 メニュー,https://suelog.jp/shops/1741,0,9,0,10.222222222222221
カフェ英國屋 なんば本社,https://suelog.jp/shops/1773,0,1,0,7
カフェ英國屋 なんば本社 レビュー,https://suelog.jp/shops/1773,0,4,0,9.75
カフェ英國屋 なんば本社／なんばマルイ北通り店,https://suelog.jp/shops/1773,0,4,0,8.5
カフェ＆バー ａｌｌ ｂｌｕｅ（オールブルー）,https://suelog.jp/shops/2163,0,2,0,22
カラオケ バー 梅田,https://suelog.jp/shops/3274,0,1,0,60
カラオケbar neon,https://suelog.jp/shops/3274,0,2,0,33.5
カラオケかくれんぼ,https://suelog.jp/shops/442,0,1,0,1
カラオケまねきねこ 京橋店 レビュー,https://suelog.jp/shops/4103,0,1,0,11
カラオケまねきねこ 京橋店 写真,https://suelog.jp/shops/4103,0,1,0,6
カラオケカフェｔｏｍｏ,https://suelog.jp/shops/563,0,3,0,21
カラオケスタジオとも,https://suelog.jp/shops/563,0,2,0,39
カラオケトモ,https://suelog.jp/shops/563,0,9,0,32
カラオケバー neo 梅田2号店,https://suelog.jp/shops/3274,0,4,0,9
カラオケバー neo 梅田２号店 大阪市,https://suelog.jp/shops/3274,0,56,0,8.571428571428571
カラオケバー neo 梅田２号店 大阪市 レビュー,https://suelog.jp/shops/3274,0,72,0,5.763888888888889
カラオケバー ジーノ,https://suelog.jp/shops/2897,0,2,0,6.5
カラオケバー 近く,https://suelog.jp/shops/3941,0,1,0,36
カラオケバーneo,https://suelog.jp/shops/3274,0,14,0,8.857142857142858
カレー,https://suelog.jp/shops/576,0,1,0,1
カンジャン ケジャン 渡 梅田,https://suelog.jp/shops/2200,0,11,0,10.818181818181818
カンジャンケジャン渡 大阪西天満店,https://suelog.jp/shops/2200,0,4,0,17.75
カンジャンケジャン渡 梅田,https://suelog.jp/shops/2200,0,6,0,12.666666666666666
カードシャーク,https://suelog.jp/shops/1506,0,1,0,16
ガシウメガレージ,https://suelog.jp/shops/2282,0,36,0,7.555555555555555
ガストロパブ3fdiner,https://suelog.jp/shops/2906,0,3,0,8.666666666666668
ガルバ,https://suelog.jp/shops/3478,0,1,0,1
ガーブウィークス,https://suelog.jp/shops/3608,0,4,0,33.75
キタのみかん,https://suelog.jp/shops/3092,0,3,0,25.666666666666668
キッチン酒場 こぶた,https://suelog.jp/shops/747,0,5,0,21.6
キッチン酒場 こぶた,https://suelog.jp/shops/747/shop_edit_requests/new,0,5,0,35
キッチン酒場 こぶた,https://suelog.jp/shops/747/shop_reports/new,0,5,0,42.6
キッテ 喫煙所,https://suelog.jp/shops/2151/shop_reports/new,0,1,0,39
キミエール,https://suelog.jp/shops/3025,0,4,0,33.75
キャバレー 難波,https://suelog.jp/shops/1678,0,1,0,1
キヨミズホール,https://suelog.jp/shops/292,0,1,0,30
キングス バー,https://suelog.jp/shops/1467,0,1,0,6
キングス 喫煙所,https://suelog.jp/shops/1467,0,1,0,9
キーフェル,https://suelog.jp/shops/1964,0,1,0,4
キーフェル パフェ,https://suelog.jp/shops/2992,0,1,0,11
キーフェル 三番街,https://suelog.jp/shops/1964,0,4,0,9.5
キーフェル 阪急三番街,https://suelog.jp/shops/1964,0,5,0,10.4
キーフェル 阪急三番街店,https://suelog.jp/shops/1964,0,5,0,10.8
キーフェル三番街,https://suelog.jp/shops/1964,0,24,0,9.708333333333334
ギャラリーバー苺,https://suelog.jp/shops/1659,0,6,0,8.833333333333332
クラブ k,https://suelog.jp/shops/1725,0,1,0,1
クラブ 喫煙,https://suelog.jp/shops/1725,0,1,0,7
クラブk,https://suelog.jp/shops/1725,0,1,0,1
クワトロガット,https://suelog.jp/shops/1605,0,2,0,10.5
グラス シーシャ,https://suelog.jp/shops/1315,0,2,0,7.5
グラスシーシャ,https://suelog.jp/shops/1315,0,1,0,11
グランフロント 喫煙,https://suelog.jp/shops/261,0,2,0,11
グランフロント 喫煙所,https://suelog.jp/shops/261,0,2,0,22.5
グランフロント大阪 喫煙,https://suelog.jp/shops/261,0,1,0,12
グランフロント大阪 喫煙所,https://suelog.jp/shops/261,0,1,0,23
ケムリ 北浜,https://suelog.jp/shops/214,0,1,0,11
ゲイバー,https://suelog.jp/shops/3052,0,1,0,14
ゲイバー strawberry time,https://suelog.jp/shops/2917,0,2,0,7
ゲイバー 堂山,https://suelog.jp/shops/2892,0,1,0,62
ゲイバー 堂山,https://suelog.jp/shops/3052,0,1,0,28
ゲイバー 検索,https://suelog.jp/shops/3052,0,1,0,4
ゲームバー picoty,https://suelog.jp/shops/238,0,6,0,11
ゲームバーpicoty,https://suelog.jp/shops/238,0,12,0,7.833333333333333
ゲームバーpicoty レビュー,https://suelog.jp/shops/238,0,3,0,9
ゲームバーpicoty 大阪梅田,https://suelog.jp/shops/238,0,4,0,7
コアガリ,https://suelog.jp/shops/1573,0,1,0,23
ココヘッド カフェ 大阪,https://suelog.jp/shops/1913,0,1,0,48
コプチャンち 難波心斎橋店,https://suelog.jp/shops/1109,0,5,0,20.2
コミセン河家,https://suelog.jp/shops/1666,0,38,0,8.710526315789473
コーストスタジョーネビル,https://suelog.jp/shops/2995,0,1,0,11
コーズ,https://suelog.jp/shops/2977,0,1,0,2
コーヒーショップリオ,https://suelog.jp/shops/1835,0,3,0,34.666666666666664
ゴリゴリミートルーム,https://suelog.jp/shops/2903,0,2,0,24
ゴールデンウィークの営業日,https://suelog.jp/shops/555,0,1,0,1
サカトリーナ,https://suelog.jp/shops/2103,0,1,0,19
サカトリーナ 梅田,https://suelog.jp/shops/2103,0,3,0,10.666666666666666
サカトリーナ 梅田東通り,https://suelog.jp/shops/2103,0,3,0,32.33333333333333
サカバ・ニッチ（ｓａｋａｂａ・ｎｉｔｃｈ）,https://suelog.jp/shops/1548,0,6,0,9.666666666666666
サヤミスタイル,https://suelog.jp/shops/1703,0,18,0,8.944444444444445
サヤミスタイル,https://suelog.jp/shops/1703/shop_edit_requests/new,0,1,0,25
サヤミスタイル 予約,https://suelog.jp/shops/1703,0,13,0,8.307692307692307
サヨナラ天さん,https://suelog.jp/shops/3437,0,9,0,8.444444444444445
サヨナラ天サン,https://suelog.jp/shops/3437,0,17,0,5.764705882352941
サヨナラ天サン レビュー,https://suelog.jp/shops/3437,0,14,0,9
サロンドムーン,https://suelog.jp/shops/3197,0,1,0,6
サロンドムーンライト,https://suelog.jp/shops/3197,0,13,0,8.461538461538462
サントリー アダルト,https://suelog.jp/shops/508,0,1,0,13
サントリーアダルト,https://suelog.jp/shops/508,0,6,0,10.666666666666666
サントリーバー&ダイニング 水響亭,https://suelog.jp/shops/244,0,10,0,31.7
サンボア大阪ターミナル,https://suelog.jp/shops/2048,0,9,0,7.444444444444445
サンマルク 喫煙,https://suelog.jp/shops/3085,0,4,0,11.25
サンマルク 喫煙ブース,https://suelog.jp/shops/3085,0,1,0,8
サンマルク 堂島,https://suelog.jp/shops/3085,0,1,0,20
サンマルクカフェ 喫煙,https://suelog.jp/shops/3085,0,3,0,14.333333333333334
サンマルクカフェ 喫煙,https://suelog.jp/shops/3085/shop_edit_requests/new,0,1,0,31
サンマルクカフェ 喫煙可,https://suelog.jp/shops/3085,0,1,0,13
サンマルクカフェ 喫煙所,https://suelog.jp/shops/3085,0,2,0,8.5
サンマルクカフェ喫煙,https://suelog.jp/shops/3085,0,1,0,13
サンマルクカフェ大阪堂島店,https://suelog.jp/shops/3085,0,4,0,18
サードプレイス,https://suelog.jp/shops/1538,0,1,0,2
ザ シングル 梅田,https://suelog.jp/shops/1925,0,14,0,10.642857142857142
ザ テンプルバー,https://suelog.jp/shops/749,0,2,0,10
ザ フレッシュ,https://suelog.jp/shops/1678,0,1,0,8
ザシングル 営業時間,https://suelog.jp/shops/1925,0,1,0,5
ザシングル 梅田 口コミ,https://suelog.jp/articles/the-single-umeda-smoking-room,0,2,0,12
ザシングル梅田,https://suelog.jp/shops/1925,0,12,0,9.25
ザフレッシュ なんば,https://suelog.jp/shops/1678,0,1,0,9
ザフレッシュ 大阪,https://suelog.jp/shops/1678,0,2,0,10.5
ザ・フレッシュ,https://suelog.jp/shops/1678,0,17,0,16.88235294117647
ザ・フレッシュ 写真,https://suelog.jp/shops/1678,0,1,0,11
シスターズ,https://suelog.jp/shops/3478,0,1,0,8
シスターズ 梅田,https://suelog.jp/shops/3478,0,1,0,18
シャバーノ,https://suelog.jp/shops/1687,0,1,0,8
シャバーノ 焼き鳥,https://suelog.jp/shops/1687,0,1,0,11
シャンパンバー gypsy13,https://suelog.jp/shops/1656,0,1,0,10
ショットバー,https://suelog.jp/shops/2804,0,1,0,6
ショットバー もも,https://suelog.jp/shops/1772,0,5,0,22.6
ショットバーｑｕａｒ,https://suelog.jp/shops/3492,0,4,0,22.5
シングル 梅田,https://suelog.jp/shops/1925,0,53,0,10.226415094339623
シングル 梅田 相席,https://suelog.jp/shops/1925,0,11,0,10.545454545454545
シングル 相席屋 梅田,https://suelog.jp/shops/1925,0,8,0,12.75
シーシャ カフェ&バー c.stand シースタンド 梅田東通り商店街店,https://suelog.jp/shops/239,0,2,0,9
シーシャ カフェ＆バー c.stand シースタンド 梅田茶屋町店 北区 ２ レビュー,https://suelog.jp/shops/4208,0,8,0,10
シーシャ 北新地,https://suelog.jp/shops/3686,0,1,0,7
シーシャ 喫茶店 天満,https://suelog.jp/shops/2738,0,34,0,7.970588235294118
シーシャ 梅田,https://suelog.jp/shops/3686,0,1,0,15
シーシャ 白煙,https://suelog.jp/shops/4207,0,1,0,27
シーシャカフェ & バー appare shishaアメ村店,https://suelog.jp/shops/1305,0,1,0,10
シーシャカフェ 梅田,https://suelog.jp/articles/umeda-shisha-bar-matome,0,1,0,45
シーシャカラオケバーアイビス梅田堂山店,https://suelog.jp/shops/404,0,5,0,9.8
シーシャカラオケバーアイビス梅田堂山店 大阪市 レビュー,https://suelog.jp/shops/404,0,1,0,8
シーシャバー 北新地,https://suelog.jp/shops/3686,0,1,0,21
シーシャバーアイビス梅田堂山店,https://suelog.jp/shops/3726,0,1,0,11
シーシャ喫茶店,https://suelog.jp/shops/2738,0,1,0,13
シーシャ喫茶店 天満,https://suelog.jp/shops/2738,0,32,0,8.9375
シースタンド 東通り,https://suelog.jp/shops/239,0,1,0,6
シースタンド 梅田東通り,https://suelog.jp/shops/239,0,1,0,5
ジェット 梅田,https://suelog.jp/shops/524,0,12,0,7.166666666666667
ジス ナンバ,https://suelog.jp/shops/1778,0,2,0,14.5
ジス ナンバ レビュー,https://suelog.jp/shops/1778,0,30,0,10.4
ジス 難波,https://suelog.jp/shops/1778,0,2,0,16
ジスなんば,https://suelog.jp/shops/1778,0,1,0,12
ジス難波,https://suelog.jp/shops/1778,0,4,0,19.75
ジッピー・バー,https://suelog.jp/shops/318,0,1,0,21
ジツボ,https://suelog.jp/shops/211,0,2,0,12
ジツボ 土佐堀店,https://suelog.jp/shops/211,0,11,0,11.545454545454545
ジツボ 土佐堀店,https://suelog.jp/shops/211/shop_edit_requests/new,0,3,0,38
ジツボ 土佐堀店,https://suelog.jp/shops/211/shop_reports/new,0,2,0,46
ジビエール,https://suelog.jp/shops/3403,0,1,0,8
ジビエール 大阪,https://suelog.jp/shops/3403,0,2,0,5.5
ジャジャバー,https://suelog.jp/shops/1889,0,19,0,10
ジャズ喫茶 大阪,https://suelog.jp/shops/3057,0,1,0,1
ジャポニカサード,https://suelog.jp/shops/1908,0,1,0,11
ジャポニカサード 梅田,https://suelog.jp/shops/1908,0,10,0,12
ジャンカラ タバコ吸える,https://suelog.jp/shops/313,0,2,0,11.5
ジャンカラ 喫煙,https://suelog.jp/shops/1537,0,1,0,8
ジャンカラ 喫煙,https://suelog.jp/shops/313,0,9,0,11.666666666666666
ジャンカラ 喫煙ルーム,https://suelog.jp/shops/1537,0,1,0,33
ジャンカラ 喫煙ルーム,https://suelog.jp/shops/313,0,1,0,22
ジャンカラ 喫煙所,https://suelog.jp/shops/313,0,1,0,13
ジャンカラ 梅田,https://suelog.jp/shops/313,0,5,0,37
ジャンカラ 梅田 安い,https://suelog.jp/shops/313,0,1,0,65
ジャンカラ 梅田 芝 田町 店,https://suelog.jp/shops/313,0,4,0,38.75
ジャンカラ 梅田芝田町店,https://suelog.jp/shops/313,0,2,0,14.5
ジャンカラ 梅田芝田町店 レビュー,https://suelog.jp/shops/313,0,39,0,10.666666666666666
ジャンカラ 道頓堀店 レビュー,https://suelog.jp/shops/1537,0,5,0,12
ジャンカラ 電子タバコ,https://suelog.jp/shops/3926,0,1,0,17
ジャンカラタバコ吸える,https://suelog.jp/shops/313,0,2,0,11.5
ジュニパー,https://suelog.jp/shops/3761,0,2,0,76.5
ジュークトゥエンティ,https://suelog.jp/shops/3471,0,12,0,7
ジョリーコアン,https://suelog.jp/shops/3449,0,3,0,26.666666666666668
ジョリー・コアン,https://suelog.jp/shops/3449,0,3,0,22
ジョージアカフェ 梅田,https://suelog.jp/shops/1921/shop_reports/new,0,1,0,16
ジル 北新地,https://suelog.jp/shops/2252,0,1,0,8
ジローズジュニア,https://suelog.jp/shops/3399,0,1,0,27
ジローズジュニア girond's jr,https://suelog.jp/shops/3399,0,8,0,25.5
ジーノ お初天神,https://suelog.jp/shops/628,0,1,0,8
ジーノ カラオケバー,https://suelog.jp/shops/2897,0,2,0,8
ジーノ バー,https://suelog.jp/shops/2814,0,1,0,7
ジーノ バー,https://suelog.jp/shops/2897,0,2,0,14
ジーノ 天満,https://suelog.jp/shops/2814,0,12,0,8.5
ジーノ 梅田,https://suelog.jp/shops/2897,0,1,0,37
ジーノ 梅田,https://suelog.jp/shops/546,0,18,0,10.833333333333334
ジーノ 梅田,https://suelog.jp/shops/628,0,3,0,11.333333333333334
ジーノ天満,https://suelog.jp/shops/2814,0,7,0,9.142857142857142
ジーノ梅田,https://suelog.jp/shops/546,0,1,0,11
ジーホリック,https://suelog.jp/shops/2105,0,8,0,8.875
ジーホリック 大阪,https://suelog.jp/shops/2105,0,5,0,7.8
ジーホリック 梅田,https://suelog.jp/shops/2105,0,1,0,8
スカポンタン 天満,https://suelog.jp/shops/3929,0,4,0,4.5
スタンド q,https://suelog.jp/shops/1612,0,14,0,7.785714285714286
スタンド 健康優良不良酒場,https://suelog.jp/shops/1701,0,22,0,7.045454545454546
スタンドfab,https://suelog.jp/shops/22,0,6,0,8.166666666666668
スタンドq,https://suelog.jp/shops/1612,0,34,0,7.176470588235294
スタンドq なんば,https://suelog.jp/shops/1612,0,8,0,7.5
スタンドアルル,https://suelog.jp/shops/575,0,13,0,9.153846153846153
スタンドコノミ,https://suelog.jp/shops/3715,0,9,0,11.333333333333334
スタンド健康優良不良酒場,https://suelog.jp/shops/1701,0,25,0,5.96
スタンド呑処 大衆酒蔵 丸勝 十三店,https://suelog.jp/shops/223,0,35,0,9.228571428571428
スタンド呑処 大衆酒蔵 丸勝 十三店 メニュー,https://suelog.jp/shops/223,0,5,0,11
スタンド呑処 大衆酒蔵 丸勝 十三店 写真,https://suelog.jp/shops/223,0,5,0,10.2
スター リスト 梅田,https://suelog.jp/shops/2174,0,39,0,9.512820512820513
スターリスト,https://suelog.jp/shops/2174,0,5,0,7.6
スターリスト お初天神,https://suelog.jp/shops/2174,0,15,0,9.4
スターリスト 梅田,https://suelog.jp/shops/2174,0,48,0,9.104166666666666
スターリスト梅田,https://suelog.jp/shops/2174,0,22,0,9.136363636363637
ステーキ ishida． リンクス梅田,https://suelog.jp/shops/337,0,5,0,23.8
ステーキファイブと寿司六,https://suelog.jp/shops/2255,0,2,0,28
スナック,https://suelog.jp/shops/351,0,2,0,14
スナック kumachan,https://suelog.jp/shops/3169,0,3,0,10.333333333333334
スナック nico,https://suelog.jp/shops/553,0,1,0,5
スナック sara,https://suelog.jp/shops/661,0,1,0,5
スナック うみ,https://suelog.jp/shops/301,0,1,0,8
スナック よしこ,https://suelog.jp/shops/715,0,3,0,6.666666666666667
スナック ニコ,https://suelog.jp/shops/553,0,2,0,5
スナック 大阪,https://suelog.jp/shops/660,0,1,0,1
スナック 梅田,https://suelog.jp/shops/442,0,1,0,19
スナック 美魔女,https://suelog.jp/shops/440,0,1,0,9
スナック51,https://suelog.jp/shops/441,0,8,0,3.125
スナック51,https://suelog.jp/shops/441/shop_reports/new,0,4,0,9.25
スナック557,https://suelog.jp/shops/557,0,1,0,10
スナックnico,https://suelog.jp/shops/553,0,2,0,5.5
スナックsara,https://suelog.jp/shops/661,0,11,0,8.818181818181818
スナックおゆき,https://suelog.jp/shops/559,0,6,0,8.5
スナックかくれんぼ,https://suelog.jp/shops/442,0,4,0,2.25
スナックかつら,https://suelog.jp/shops/2986,0,1,0,4
スナックぴえろ,https://suelog.jp/shops/716,0,1,0,7
スナックよしこ,https://suelog.jp/shops/715,0,3,0,6.666666666666667
スナックわかめ,https://suelog.jp/shops/515,0,11,0,6.818181818181818
スナッククラン,https://suelog.jp/shops/658,0,2,0,9
スナックパーク ビールスタンド,https://suelog.jp/shops/498,0,1,0,11
スナックユートピア,https://suelog.jp/shops/351,0,2,0,1
スナックユートピア,https://suelog.jp/shops/351/shop_edit_requests/new,0,3,0,8.333333333333332
スナックユートピア,https://suelog.jp/shops/351/shop_reports/new,0,1,0,9
スナック幸子,https://suelog.jp/shops/1707,0,1,0,5
スナック梅田,https://suelog.jp/shops/517,0,1,0,13
スナック美魔女,https://suelog.jp/shops/440,0,2,0,7.5
スナック花嫁修業,https://suelog.jp/shops/503,0,16,0,9.1875
スナック花嫁修業 大阪市 レビュー,https://suelog.jp/shops/503,0,24,0,4.708333333333334
スパイスカレー 大阪,https://suelog.jp/shops/1478,0,1,0,1
スマイル バー,https://suelog.jp/shops/576,0,1,0,1
スーパー ポジティブ バー,https://suelog.jp/shops/1309/shop_edit_requests/new,0,7,0,10.714285714285714
スーパーポジティブバー,https://suelog.jp/shops/1309,0,28,0,4.678571428571429
スーパーポジティブバー,https://suelog.jp/shops/1309/shop_edit_requests/new,0,8,0,9.25
スーパーポジティブバー,https://suelog.jp/shops/1309/shop_reports/new,0,1,0,13
セブンアイルズ,https://suelog.jp/shops/4175,0,1,0,9
ゼゼヒヒ,https://suelog.jp/shops/1723,0,1,0,10
ソレイユ ルナ ザ オーセンティック,https://suelog.jp/shops/3221,0,3,0,10.666666666666666
ソレイユルナ,https://suelog.jp/shops/3221,0,1,0,10
ソレイユルナザオーセンティック,https://suelog.jp/shops/3221,0,1,0,16
タイ スナック,https://suelog.jp/shops/521,0,1,0,1
タイガー 東通り,https://suelog.jp/shops/241,0,3,0,10.333333333333334
タイパブ,https://suelog.jp/shops/521,0,16,0,8.0625
タイ人 パブ 大阪,https://suelog.jp/shops/521,0,1,0,13
タキシードパーク,https://suelog.jp/shops/3704,0,2,0,11
タコスとメキシコビーフ aprecio,https://suelog.jp/shops/91,0,1,0,19
タコハウス 梅田,https://suelog.jp/shops/200,0,1,0,17
タナカンチ,https://suelog.jp/shops/1718,0,26,0,9.115384615384615
タバコ吸える,https://suelog.jp/shops/1327,0,1,0,5
タバコ吸える,https://suelog.jp/shops/237,0,1,0,3
タバコ吸える,https://suelog.jp/shops/608,0,1,0,1
タバコ吸える？,https://suelog.jp/shops/35,0,1,0,2
タンとハラミ 梅田,https://suelog.jp/shops/11,0,3,0,31.666666666666668
タンとハラミ 梅田 ハナレ店,https://suelog.jp/shops/496,0,7,0,16.42857142857143
タンとハラミ 梅田店,https://suelog.jp/shops/11,0,1,0,25
タンとハラミとホルモンの店,https://suelog.jp/shops/496,0,2,0,42.5
ダイナース ラウンジ 大阪,https://suelog.jp/shops/1888,0,1,0,77
ダイニングバー eight 北新地 ダイニングエイト,https://suelog.jp/shops/2136,0,4,0,11.75
ダイニングバーpiano,https://suelog.jp/shops/3271,0,2,0,37.5
ダイニングバーｒｕｓｈ,https://suelog.jp/shops/2009,0,5,0,13.8
ダイニングバーｒｕｓｈ 大阪市,https://suelog.jp/shops/2009,0,4,0,3.75
ダーツバー ジーノ,https://suelog.jp/shops/2897,0,3,0,9.666666666666666
ダーツバー&カラオケバー zino,https://suelog.jp/shops/2897,0,1,0,12
ダーツバーカラオケバーzino,https://suelog.jp/shops/628,0,1,0,11
ダーツバー＆カラオケバー zino,https://suelog.jp/shops/2897,0,2,0,16.5
ダーツバー＆カラオケバー zino,https://suelog.jp/shops/628,0,2,0,13
ダーツバー＆カラオケバー zino （ジーノ）天満店 北区 ７,https://suelog.jp/shops/2814,0,2,0,7
ダーツバー＆カラオケバー zino （ジーノ）天満店 北区 ７ レビュー,https://suelog.jp/shops/2814,0,23,0,3.4782608695652173
ダーツバー＆カラオケバー zino（ジーノ）梅田お初天神店,https://suelog.jp/shops/628,0,5,0,11
ダーツバー＆カラオケバー zino（ジーノ）梅田中通り店,https://suelog.jp/shops/2897,0,2,0,7
ダーツバー＆カラオケバー zino（ジーノ）梅田東通り店,https://suelog.jp/shops/546,0,16,0,7.3125
チカサカバ,https://suelog.jp/shops/2140,0,6,0,27.5
チャイニーズ食堂菜々,https://suelog.jp/shops/97,0,6,0,15.5
チャイニーズ食堂菜々,https://suelog.jp/shops/97/shop_edit_requests/new,0,4,0,31
チャイニーズ食堂菜々,https://suelog.jp/shops/97/shop_reports/new,0,4,0,37.5
チル ラウンジ 梅田,https://suelog.jp/shops/3040,0,6,0,7.333333333333333
チルラウンジ,https://suelog.jp/shops/3040,0,1,0,1
チルラウンジ 梅田,https://suelog.jp/shops/3040,0,60,0,8.416666666666668
チルラウンジ梅田,https://suelog.jp/shops/3040,0,3,0,8.666666666666668
チンクエチェント cinquecento,https://suelog.jp/shops/1521,0,3,0,13.666666666666666
ツギヱ 北区 ６ レビュー,https://suelog.jp/shops/253,0,16,0,9.4375
ツクシ 梅田,https://suelog.jp/shops/2281,0,2,0,9.5
ティールームのもか,https://suelog.jp/shops/1742,0,4,0,31.75
テラス 喫煙 カフェ,https://suelog.jp/shops/3083,0,3,0,16
デグラセ,https://suelog.jp/shops/3152,0,8,0,23.625
デモンズバー,https://suelog.jp/shops/1730,0,5,0,11
トモ・カラオケ喫茶,https://suelog.jp/shops/563,0,3,0,40
トリッキーズ,https://suelog.jp/shops/3035,0,2,0,10
トリッキーズ 大阪,https://suelog.jp/shops/3035,0,1,0,12
ドアラウンジ 北新地,https://suelog.jp/shops/2120,0,4,0,10.25
ドアラウンジ北新地,https://suelog.jp/shops/2120,0,3,0,9.333333333333334
ドトール タバコ 吸える 店,https://suelog.jp/shops/2922,0,2,0,9
ドトール タバコ吸える,https://suelog.jp/shops/2922,0,4,0,12
ドトール 喫煙,https://suelog.jp/shops/2881,0,3,0,11.333333333333334
ドトール 喫煙,https://suelog.jp/shops/2922,0,13,0,10.307692307692308
ドトール 喫煙 可能 店舗,https://suelog.jp/shops/2922,0,7,0,7.428571428571429
ドトール 喫煙可,https://suelog.jp/shops/2922,0,1,0,8
ドトール 喫煙可能,https://suelog.jp/shops/2922,0,4,0,9.75
ドトール 東梅田,https://suelog.jp/shops/2922,0,1,0,20
ドトールコーヒー 喫煙,https://suelog.jp/shops/2922,0,1,0,11
ドトールコーヒー 喫煙可,https://suelog.jp/shops/2922,0,1,0,12
ドトールコーヒー 喫煙席,https://suelog.jp/shops/2922,0,1,0,11
ドトールコーヒーショップ東梅田店,https://suelog.jp/shops/2922,0,13,0,32.92307692307692
ドトールタバコ,https://suelog.jp/shops/2881,0,1,0,11
ドトールタバコ吸える,https://suelog.jp/shops/2922,0,5,0,11.6
ドトール喫煙,https://suelog.jp/shops/2881,0,1,0,11
ドトール喫煙,https://suelog.jp/shops/2922,0,2,0,12.5
ドトール喫煙可能,https://suelog.jp/shops/2922,0,4,0,10.25
ドランケン（ｄｒｕｎ‐ｋｅｎ）,https://suelog.jp/shops/1750,0,4,0,44.25
ドリヤード 喫煙,https://suelog.jp/articles/umeda-seat-smoking-kissaten-10/track_shop_click?shop_id=2769,0,2,0,8.5
ドリヤード 喫煙,https://suelog.jp/shops/2769,0,1,0,6
ナチュラルカフェ菜園,https://suelog.jp/shops/1999,0,20,0,9.7
ナビオ 喫煙所,https://suelog.jp/shops/2079,0,1,0,13
ニチヨウビ,https://suelog.jp/shops/1717,0,63,0,7.777777777777778
ニチヨウビ 焼酎,https://suelog.jp/shops/1717,0,8,0,10.5
ニチヨウビ 難波,https://suelog.jp/shops/1717,0,30,0,7.366666666666666
ニュイ 大阪市福島区福島,https://suelog.jp/shops/3301,0,4,0,35
ニューオータニ大阪 喫煙所,https://suelog.jp/shops/4123,0,1,0,11
ニューワクラ links umeda店 レビュー,https://suelog.jp/shops/262,0,1,0,11
ニューワクラ linksumeda店,https://suelog.jp/shops/262,0,3,0,24.333333333333332
ネル 大阪市 レビュー,https://suelog.jp/shops/1694,0,1,0,11
ノマール 北新地,https://suelog.jp/shops/3481,0,2,0,12.5
ノース トランク グランフロント,https://suelog.jp/shops/1900,0,1,0,24
ノーストランク,https://suelog.jp/shops/1900,0,7,0,10.714285714285714
ノーストランク 梅田,https://suelog.jp/shops/1900,0,3,0,13.333333333333334
ハタ坊 北新地,https://suelog.jp/shops/4213,0,1,0,19
ハプニングバー 大阪,https://suelog.jp/shops/413,0,1,0,3
ハンバーグフル,https://suelog.jp/shops/3609,0,11,0,11.454545454545455
バルチカ 喫煙所,https://suelog.jp/shops/469,0,9,0,7.888888888888889
バルチカ 鉄板神社,https://suelog.jp/shops/469,0,2,0,7.5
バルチカ03 喫煙,https://suelog.jp/shops/469,0,7,0,11.142857142857142
バルチカ03喫煙所,https://suelog.jp/shops/469,0,5,0,9.8
バル・デ・バロ,https://suelog.jp/shops/898,0,4,0,32
バー,https://suelog.jp/shops/405,0,2,0,1
バー,https://suelog.jp/shops/692,0,1,0,1
バー サードストーン bar third stone 梅田店,https://suelog.jp/shops/371,0,7,0,26.571428571428573
バー ジュニパー,https://suelog.jp/shops/3761,0,9,0,9.666666666666666
バー ジーセンス 大阪府 大阪市北区 曽根崎新地 1-1-28 ひし好ビル 4 osaka,https://suelog.jp/shops/3381,0,11,0,10.454545454545455
バー ジーノ,https://suelog.jp/shops/2897,0,1,0,8
バー デジャヴ レビュー,https://suelog.jp/shops/2015,0,5,0,9.2
バー ボタ,https://suelog.jp/shops/695,0,5,0,31.8
バー モーメント,https://suelog.jp/shops/3196,0,3,0,9
バー 近く 400m 以内,https://suelog.jp/shops/405,0,1,0,2
バーうめ,https://suelog.jp/shops/2282,0,1,0,50
バーアライブ,https://suelog.jp/shops/748,0,4,0,11.25
バーイレブン,https://suelog.jp/shops/4122,0,1,0,10
バーエレファントサーカス,https://suelog.jp/shops/2731,0,1,0,11
バーキャンドル,https://suelog.jp/shops/3660,0,4,0,6
バーキングス,https://suelog.jp/shops/1467,0,2,0,5
バーサラバ,https://suelog.jp/shops/580,0,1,0,12
バーシックス,https://suelog.jp/shops/2997,0,2,0,9.5
バージュニパー,https://suelog.jp/shops/3761,0,13,0,8.538461538461538
バースマイル,https://suelog.jp/shops/576,0,2,0,1
バーセレニティー,https://suelog.jp/shops/1596,0,10,0,9.7
バーデジャブ,https://suelog.jp/shops/2015,0,1,0,31
バープログレッソ,https://suelog.jp/shops/736,0,6,0,9.666666666666666
バーポジティブ,https://suelog.jp/shops/1309,0,31,0,6.161290322580645
バーミス,https://suelog.jp/shops/3007,0,11,0,14.363636363636363
バーミス 梅田,https://suelog.jp/shops/3007,0,11,0,8.545454545454547
バームーンウォーク bar moon walk なんば店,https://suelog.jp/shops/1597,0,10,0,25.3
バーモーメント,https://suelog.jp/shops/3196,0,15,0,11.266666666666667
バーモーメント 西天満,https://suelog.jp/shops/3196,0,4,0,8.75
バーレモン,https://suelog.jp/shops/3661,0,1,0,4
バー・ジュニパー,https://suelog.jp/shops/3761,0,10,0,14.2
バー・リーフ（ｒｅｅｆ）,https://suelog.jp/shops/2816,0,3,0,22.333333333333332
バーｄｅｐｔｈｓ,https://suelog.jp/shops/703,0,5,0,25.6
パブスタプラス大阪梅田阪急東通り店,https://suelog.jp/shops/544,0,2,0,16.5
パライソ 天満,https://suelog.jp/shops/3937,0,3,0,9
パルコ 喫煙所,https://suelog.jp/shops/1317,0,15,0,9.133333333333333
パルコ喫煙所,https://suelog.jp/shops/1317,0,4,0,8
パルコ心斎橋 喫煙所,https://suelog.jp/shops/1317,0,2,0,9
パレット 北新地,https://suelog.jp/shops/3062,0,2,0,19.5
パワースポット 梅田,https://suelog.jp/shops/3006,0,1,0,4
パンダ厨房,https://suelog.jp/shops/2089,0,7,0,9.714285714285714
パンダ厨房 梅田,https://suelog.jp/shops/2089,0,7,0,8.857142857142858
ヒョンギョン,https://suelog.jp/shops/4220,0,1,0,27
ヒルトンプラザイースト 喫煙所,https://suelog.jp/shops/3762,0,11,0,9.454545454545455
ヒルトンプラザイースト 喫煙所,https://suelog.jp/shops/98,0,6,0,12.166666666666666
ヒルトン大阪 喫煙所,https://suelog.jp/shops/3762/shop_reports/new,0,1,0,27
ヒルトン大阪 喫煙所,https://suelog.jp/shops/98,0,1,0,25
ビアンバー,https://suelog.jp/shops/536,0,1,0,1
ビアンバー bar来夢 レビュー,https://suelog.jp/shops/536,0,4,0,8.25
ビアンバー 大阪,https://suelog.jp/shops/536,0,2,0,1
ビストロ ええとこ,https://suelog.jp/shops/534,0,11,0,9
ビストロ テソロン ウナ ベッコ,https://suelog.jp/shops/2755,0,1,0,19
ビストロええとこ,https://suelog.jp/shops/534,0,21,0,9.095238095238095
ビストロバード 梅田,https://suelog.jp/shops/2096,0,12,0,6.166666666666667
ビストロ馬四郎 梅田店,https://suelog.jp/shops/3018,0,7,0,18.428571428571427
ビッグエコー big echo 梅田東通り店,https://suelog.jp/shops/2863,0,3,0,46.666666666666664
ビッグエコー big echo 阪急東通り店,https://suelog.jp/shops/2863,0,3,0,46.666666666666664
ビッグエコー 喫煙可能,https://suelog.jp/shops/2863,0,1,0,8
ビバハウス 梅田,https://suelog.jp/shops/488,0,2,0,12
ビールスタンド,https://suelog.jp/shops/365,0,1,0,2
ピアノバー 大阪,https://suelog.jp/shops/3552,0,1,0,11
ピノキオ fujio coffee 大阪駅前第3ビル店,https://suelog.jp/shops/2193,0,22,0,8.545454545454547
ピノキオ 梅田,https://suelog.jp/shops/2193,0,17,0,9.176470588235293
ピポロ,https://suelog.jp/shops/680,0,23,0,8.478260869565219
ピポロ 大阪,https://suelog.jp/shops/680,0,3,0,8.666666666666668
ピポロ 梅田,https://suelog.jp/shops/680,0,8,0,7.625
ピポロ 焼肉,https://suelog.jp/shops/680,0,7,0,9.714285714285714
ピンポンバー 天満,https://suelog.jp/shops/2011,0,11,0,10.545454545454545
ピンポンバー天五バス停前,https://suelog.jp/shops/2011,0,16,0,9
ファイヤーボンバー バー,https://suelog.jp/shops/669,0,18,0,9.11111111111111
ファナ ティー,https://suelog.jp/shops/2172,0,2,0,41
ファナティー hep前店,https://suelog.jp/shops/2172,0,1,0,41
ファナティー お初天神2,https://suelog.jp/shops/2172,0,8,0,21.75
ファナティー お初天神店,https://suelog.jp/shops/2172,0,8,0,12.625
ファナティー 梅田,https://suelog.jp/shops/2172,0,2,0,39
ファナティー 梅田中通り店,https://suelog.jp/shops/2172,0,6,0,37.833333333333336
ファナティーお初天神店,https://suelog.jp/shops/2172,0,3,0,11.666666666666666
ファープレーン パルコ,https://suelog.jp/shops/1317,0,1,0,17
フィリピンパブ,https://suelog.jp/shops/505,0,1,0,46
フェスティバルタワー 喫煙所,https://suelog.jp/shops/3327,0,1,0,26
フォルチェ failte,https://suelog.jp/shops/585,0,1,0,50
フジオ珈琲 与力町,https://suelog.jp/shops/2114,0,3,0,12
フジオ珈琲与力町店,https://suelog.jp/shops/2114,0,6,0,13.833333333333334
フムス シーシャ,https://suelog.jp/shops/2919,0,9,0,10.333333333333334
フレッシュ 難波,https://suelog.jp/shops/1678,0,10,0,10.3
ブランチ 喫煙所,https://suelog.jp/shops/2283,0,1,0,5
ブリッジ,https://suelog.jp/shops/3276,0,1,0,4
ブロスバー,https://suelog.jp/shops/1758,0,8,0,9.625
プラス 梅田,https://suelog.jp/shops/3374,0,1,0,30
プラスグラフ,https://suelog.jp/shops/16,0,14,0,6.642857142857143
プラスグラフ 梅田,https://suelog.jp/shops/16,0,18,0,9.5
プラス梅田,https://suelog.jp/shops/3374,0,2,0,78
プレステル天満 写真,https://suelog.jp/shops/3941,0,36,0,7.444444444444445
プロント タバコ,https://suelog.jp/shops/81,0,1,0,11
プロント 中之島,https://suelog.jp/shops/81,0,1,0,35
プロント 喫煙,https://suelog.jp/shops/714,0,1,0,19
プロント 喫煙,https://suelog.jp/shops/81,0,2,0,41
プロント 喫煙可,https://suelog.jp/shops/714,0,1,0,20
プロント 喫煙可,https://suelog.jp/shops/81,0,2,0,15.5
プロント 喫煙可能,https://suelog.jp/shops/714,0,1,0,10
プロント 喫煙席,https://suelog.jp/shops/714,0,1,0,11
プロント 喫煙所,https://suelog.jp/shops/714,0,1,0,8
プロント 堂島,https://suelog.jp/shops/714,0,1,0,30
ベイプ 居酒屋,https://suelog.jp/articles/vape-smoking-review,0,1,0,6
ベジともアップキッチン,https://suelog.jp/shops/3054,0,2,0,23
ベジともアップキッチン レビュー,https://suelog.jp/shops/3054,0,1,0,16
ベル 梅田,https://suelog.jp/shops/485,0,12,0,35.416666666666664
ペロペロ バー,https://suelog.jp/shops/731,0,4,0,7
ペロペロばー,https://suelog.jp/shops/731,0,2,0,11.5
ペロペロバー,https://suelog.jp/shops/731,0,60,0,9.166666666666666
ペロペロバー 北新地,https://suelog.jp/shops/731,0,1,0,6
ペロペロパー,https://suelog.jp/shops/731,0,2,0,7.5
ホテルニューオータニ大阪 喫煙所,https://suelog.jp/shops/4123,0,6,0,13.166666666666666
ホリーズカフェ 北新地店,https://suelog.jp/shops/3709,0,2,0,10.5
ホリーズカフェ 北新地店 レビュー,https://suelog.jp/shops/3709,0,1,0,11
ホリーズカフェ 北新地店 写真,https://suelog.jp/shops/3709,0,1,0,9
ホリーズカフェ 喫煙,https://suelog.jp/shops/2242,0,1,0,11
ホリーズカフェ 喫煙,https://suelog.jp/shops/3709,0,1,0,6
ホリーズカフェ 喫煙,https://suelog.jp/shops/3731,0,2,0,11.5
ホルモン ピポロ,https://suelog.jp/shops/680,0,3,0,8.333333333333332
ホルモン ピポロ 写真,https://suelog.jp/shops/680,0,1,0,15
ホルモン関ちゃん,https://suelog.jp/shops/604,0,3,0,9.666666666666666
ホワイティ 喫煙所,https://suelog.jp/shops/529,0,4,0,11.75
ホワイティうめだ 喫煙所,https://suelog.jp/shops/529,0,6,0,6.666666666666667
ホワイティ梅田 喫煙可,https://suelog.jp/shops/529,0,4,0,11
ホワイティ梅田 喫煙可 居酒屋,https://suelog.jp/articles/umeda-cheap-smoking-izakaya,0,1,0,9
ホワイティ梅田 喫煙可 居酒屋,https://suelog.jp/shops/529,0,1,0,9
ホワイティ梅田 喫煙所,https://suelog.jp/shops/2195/shop_edit_requests/new,0,1,0,19
ホワイティ梅田 喫煙所,https://suelog.jp/shops/2195/shop_reports/new,0,1,0,30
ホワイティ梅田 喫煙所,https://suelog.jp/shops/529,0,24,0,1.5416666666666665
ホワイティ梅田喫煙所,https://suelog.jp/shops/529,0,2,0,1
ホワイト ラビット タバーン,https://suelog.jp/shops/288,0,8,0,10.625
ホワイト ラビット タバーン,https://suelog.jp/shops/288/shop_reports/new,0,4,0,27.25
ホワイトラビットタバーン,https://suelog.jp/shops/288,0,2,0,9
ボクたかし,https://suelog.jp/shops/3226,0,46,0,8.521739130434781
ボタ居酒屋,https://suelog.jp/shops/695,0,1,0,49
ボードゲームカフェ 梅田,https://suelog.jp/shops/2105,0,1,0,57
ボードゲームバー g holic 大阪梅田店,https://suelog.jp/shops/2105,0,4,0,22.25
ボードゲームバー 梅田,https://suelog.jp/shops/2105,0,1,0,45
ボードゲームバージーホリック,https://suelog.jp/shops/2105,0,1,0,21
ポドロ 大阪市北区黒崎町,https://suelog.jp/shops/373,0,4,0,12.25
ポパイ 大阪,https://suelog.jp/shops/2931/shop_reports/new,0,2,0,44
ポパイ大阪,https://suelog.jp/shops/2931/shop_reports/new,0,1,0,40
ポポロ 大阪市 写真,https://suelog.jp/shops/194,0,2,0,11
マイ マイ 大阪府 大阪市北区 曽根崎新地 1-3-32 新地リバティビル 6 osaka,https://suelog.jp/shops/2960,0,1,0,11
マグマラシ 天満,https://suelog.jp/shops/2030,0,2,0,16
マジックバー イレブン,https://suelog.jp/shops/1457,0,2,0,25.5
マジックバー イレブン osaka-bar-magic,https://suelog.jp/shops/1457,0,11,0,6.181818181818182
マジックバー ランディー,https://suelog.jp/shops/3407,0,3,0,28.666666666666668
マズラ 梅田,https://suelog.jp/shops/608,0,1,0,23
マックスザホルモン 梅田,https://suelog.jp/shops/332,0,4,0,11.25
マッシュ シーシャ,https://suelog.jp/shops/2929,0,1,0,11
マヅラ レビュー,https://suelog.jp/shops/608,0,1,0,37
マヅラ 喫茶店,https://suelog.jp/shops/608,0,4,0,32.5
マヅラ 喫茶店 喫煙,https://suelog.jp/shops/608,0,34,0,9.882352941176471
マヅラ 梅田,https://suelog.jp/shops/608,0,6,0,15.5
マヅラ喫茶店,https://suelog.jp/shops/608,0,5,0,21
マヅラ喫茶店 写真,https://suelog.jp/shops/608,0,1,0,3
マヅラ喫茶店 喫煙,https://suelog.jp/shops/608,0,23,0,8.826086956521738
マヅラ喫茶店 梅田,https://suelog.jp/shops/608,0,1,0,11
マデロン,https://suelog.jp/shops/3288,0,1,0,87
マド ラウンジ,https://suelog.jp/shops/3024,0,2,0,34.5
マニワ ガルバ,https://suelog.jp/shops/3041,0,2,0,10.5
マリシエロ,https://suelog.jp/shops/542,0,1,0,25
マルシン 梅田,https://suelog.jp/shops/227,0,2,0,8.5
マルリキ 梅田,https://suelog.jp/shops/51,0,1,0,9
マルリキ 第 一 ビル,https://suelog.jp/shops/51,0,1,0,9
ミエル 大阪市西区阿波座,https://suelog.jp/shops/1716,0,1,0,39
ミスターレディ ニューハーフラウンジ 大阪市 レビュー,https://suelog.jp/shops/2960,0,13,0,6.846153846153846
ミュルサンヌ 大阪,https://suelog.jp/shops/402,0,3,0,13.666666666666666
ミュンヘン 淀屋橋店,https://suelog.jp/shops/175,0,5,0,22
ミートバル,https://suelog.jp/shops/3438,0,4,0,43.25
ムッシュ 大阪,https://suelog.jp/shops/2929,0,1,0,10
ムッシュ 梅田,https://suelog.jp/shops/2929,0,3,0,9.666666666666666
ムッシュ 梅田曽根崎店,https://suelog.jp/shops/2929,0,1,0,10
ムッシュ梅田曽根崎店,https://suelog.jp/shops/2929,0,1,0,12
メゾンプラス,https://suelog.jp/shops/3374,0,1,0,9
メゾンプラス 東梅田,https://suelog.jp/shops/3374,0,13,0,8.923076923076923
メゾンプラス 梅田,https://suelog.jp/shops/3374,0,2,0,7
メゾンプラス梅田,https://suelog.jp/shops/3374,0,17,0,8.705882352941178
メディアカフェ ポパイ 泉の広場店,https://suelog.jp/shops/2931,0,11,0,31.636363636363637
メディアカフェポパイ 西梅田店,https://suelog.jp/shops/2931,0,1,0,49
メンバーズ道,https://suelog.jp/shops/741,0,11,0,10.363636363636363
モツの関ちゃん,https://suelog.jp/shops/604,0,6,0,21.666666666666668
モータースポーツ バー,https://suelog.jp/shops/402,0,2,0,8
ヤミースマイル,https://suelog.jp/shops/1983,0,22,0,10.909090909090908
ヨドブルーム sake,https://suelog.jp/shops/289,0,1,0,14
ヨドブルーム 大阪,https://suelog.jp/shops/289,0,1,0,12
ヨドブルーム 梅田,https://suelog.jp/shops/289,0,20,0,10.65
ライオンハート 梅田,https://suelog.jp/shops/3489,0,2,0,9
ライムリゾート 天満,https://suelog.jp/shops/204,0,2,0,9
ラウンジ アンジュ,https://suelog.jp/shops/719,0,2,0,6
ラウンジ 海,https://suelog.jp/shops/3397,0,12,0,5.5
ラウンジアンジュ,https://suelog.jp/shops/719,0,9,0,6.333333333333333
ラウンジオースリー,https://suelog.jp/shops/1924,0,1,0,20
ラウンジブルー,https://suelog.jp/shops/2163,0,1,0,8
ラウンジ桜,https://suelog.jp/shops/3205,0,1,0,1
ラウンジ海,https://suelog.jp/shops/3397,0,6,0,5.166666666666667
ラシャンパーニュ,https://suelog.jp/shops/3074,0,3,0,11
ラテーム 福島,https://suelog.jp/shops/3313,0,2,0,8
ラトリエ ド ギニョール エ マデロン,https://suelog.jp/shops/3288,0,1,0,28
ラトリエ・ロ・ギニョール・エ・マデロン,https://suelog.jp/shops/3288,0,1,0,47
ラピーヌ ダイナー＆カフェ（lapine diner & cafe）,https://suelog.jp/shops/1970,0,4,0,8.25
ラピーヌ 茶屋町,https://suelog.jp/shops/1970,0,1,0,18
ラピーヌダイナー 茶屋町,https://suelog.jp/shops/1970,0,2,0,7
ラピーヌ喫茶,https://suelog.jp/shops/1970,0,4,0,34.5
ラピーヌ喫茶,https://suelog.jp/shops/2673,0,2,0,25.5
ラピーヌ喫茶 レビュー,https://suelog.jp/shops/1970,0,1,0,12
ラ・シャンパーニュ,https://suelog.jp/shops/3074,0,14,0,14
ラ・テーム,https://suelog.jp/shops/3313,0,8,0,9.875
ラーテル 天満,https://suelog.jp/shops/3936,0,2,0,10
ラーテル天満駅,https://suelog.jp/shops/3936,0,29,0,7.862068965517241
リスボン珈琲店,https://suelog.jp/shops/3587,0,3,0,42.666666666666664
リビングバー堂島,https://suelog.jp/shops/2252,0,1,0,33
リリス 梅田,https://suelog.jp/shops/3364,0,18,0,9.277777777777779
リンクス 喫煙所,https://suelog.jp/shops/269,0,47,0,10.914893617021276
リンクス 喫煙所,https://suelog.jp/shops/270,0,5,0,11.4
リンクス 梅田 喫煙所,https://suelog.jp/shops/269,0,1,0,14
リンクス喫煙所,https://suelog.jp/shops/269,0,10,0,11.1
リンクス喫煙所,https://suelog.jp/shops/270,0,2,0,11
リンクス梅田 喫煙所,https://suelog.jp/shops/269,0,13,0,11.307692307692308
リンクス梅田 喫煙所,https://suelog.jp/shops/337,0,1,0,14
リンダリンダ難波,https://suelog.jp/shops/1763,0,1,0,21
リンダリンダ難波店,https://suelog.jp/shops/1763,0,2,0,28
リンダリンダ難波店,https://suelog.jp/shops/1763/shop_reports/new,0,1,0,67
リーガ プレイス 肥後 橋 カフェ テラス,https://suelog.jp/shops/3504,0,2,0,43.5
リーガプレイス肥後橋 カフェテラス レビュー,https://suelog.jp/shops/3504,0,1,0,10
ルクア喫煙所,https://suelog.jp/shops/293,0,4,0,29.75
ルシュマン,https://suelog.jp/shops/3104,0,2,0,8
ルセルクル,https://suelog.jp/shops/2954,0,6,0,22.333333333333332
ルセルクル 北新地,https://suelog.jp/shops/2954,0,8,0,9.625
ル・セルクル,https://suelog.jp/shops/2954,0,1,0,7
ルージュ 喫茶店,https://suelog.jp/shops/2332,0,2,0,9
ルージュ喫茶店,https://suelog.jp/shops/2332,0,2,0,9.5
レアクラフト 福島,https://suelog.jp/shops/2222,0,3,0,24.333333333333332
レストランラピーヌ,https://suelog.jp/shops/1970,0,2,0,23
レストラン利樹,https://suelog.jp/shops/209,0,11,0,9.181818181818182
レズバー,https://suelog.jp/shops/536,0,2,0,1.5
レトロ居酒屋 大阪屋 梅田店,https://suelog.jp/shops/232,0,3,0,39.333333333333336
ローラン 梅田,https://suelog.jp/shops/2225,0,1,0,30
ワイオリ 大阪市,https://suelog.jp/shops/3671,0,20,0,8.75
ワインバッカーズ,https://suelog.jp/shops/2982,0,1,0,6
ワインバー 530-0002,https://suelog.jp/shops/2978,0,5,0,5.8
ワイン喫茶 walpurgis,https://suelog.jp/shops/3575,0,2,0,8.5
一切れ焼肉 一穂 福島店,https://suelog.jp/shops/603,0,2,0,17
一切れ焼肉一穂 福島店,https://suelog.jp/shops/603,0,1,0,14
一牛 北新地店,https://suelog.jp/shops/712,0,2,0,43
一軒め酒場 お初天神店,https://suelog.jp/shops/4,0,4,0,11
一軒め酒場 喫煙,https://suelog.jp/shops/4,0,1,0,8
七 津屋 梅田,https://suelog.jp/shops/231,0,2,0,38
七代目なお,https://suelog.jp/shops/2023,0,23,0,8.347826086956522
七囲炉,https://suelog.jp/shops/1906,0,9,0,12.88888888888889
七囲炉 梅田,https://suelog.jp/shops/1906,0,3,0,9.333333333333334
七津屋 大阪駅前第2ビル店,https://suelog.jp/shops/233,0,6,0,24.5
七津屋 梅田,https://suelog.jp/shops/231,0,1,0,35
七輪焼鳥 一鳥 都島店,https://suelog.jp/shops/205,0,5,0,31.6
三丁目の珈琲店,https://suelog.jp/shops/3058,0,2,0,27.5
三徳 六味 梅田,https://suelog.jp/shops/304,0,1,0,22
三番街 喫煙所,https://suelog.jp/shops/1963,0,1,0,12
三番館 なんば,https://suelog.jp/shops/1741,0,5,0,9.6
三番館喫茶店,https://suelog.jp/shops/1741,0,2,0,37.5
中々 肥後橋,https://suelog.jp/shops/3429,0,1,0,9
中之島 bbq ガーブ,https://suelog.jp/shops/3608,0,1,0,34
中之島 queue,https://suelog.jp/shops/3448,0,15,0,10.133333333333333
中之島 タバコ吸える 居酒屋,https://suelog.jp/shops/2692,0,16,0,38.625
中之島 タバコ吸える 居酒屋,https://suelog.jp/shops/2838,0,9,0,31.666666666666668
中之島 タバコ吸える 居酒屋,https://suelog.jp/shops/3490,0,2,0,48.5
中之島 居酒屋 喫煙可,https://suelog.jp/shops/2692,0,8,0,41.375
中之島 居酒屋 喫煙可,https://suelog.jp/shops/2838,0,4,0,46.5
中之島 居酒屋 喫煙可,https://suelog.jp/shops/3327,0,21,0,21.80952380952381
中之島 響,https://suelog.jp/shops/3327,0,2,0,34.5
中崎 バール switch,https://suelog.jp/shops/2685,0,1,0,27
中崎バール switch,https://suelog.jp/shops/2685,0,5,0,25.8
中崎町 スナック,https://suelog.jp/shops/437,0,2,0,1
中崎町 バー,https://suelog.jp/shops/365,0,3,0,1.6666666666666665
中崎町 立ち飲み,https://suelog.jp/shops/365,0,1,0,1
中村屋 東通り,https://suelog.jp/shops/2102,0,1,0,11
中村屋 梅田,https://suelog.jp/shops/2102,0,5,0,15
中津 def,https://suelog.jp/shops/254,0,9,0,6.666666666666667
中津 ご飯,https://suelog.jp/shops/266,0,1,0,1
中津 もつ鍋,https://suelog.jp/shops/306,0,2,0,24
中津 ランチ,https://suelog.jp/shops/266,0,1,0,2
中津 居酒屋,https://suelog.jp/shops/266,0,3,0,3
中津 昼飲み,https://suelog.jp/shops/306,0,1,0,11
中津グルメ,https://suelog.jp/shops/266,0,1,0,3
中津居酒屋,https://suelog.jp/shops/266,0,2,0,1
中華バルjam,https://suelog.jp/shops/1111,0,2,0,29.5
中華料理 大福 なんば,https://suelog.jp/shops/1738,0,1,0,10
中華料理 好屋麺,https://suelog.jp/shops/1284,0,2,0,27.5
中華料理 好屋麺 すきやめん(本店) 大阪市,https://suelog.jp/shops/1284,0,9,0,9.11111111111111
中華料理 福の虎,https://suelog.jp/shops/713,0,2,0,21.5
中華料理 金明飯店 大阪駅前第3ビル店,https://suelog.jp/shops/2159,0,4,0,27.75
串かつ でんがな 大阪駅前第3ビル2号店,https://suelog.jp/shops/2146,0,1,0,15
串かつでんがな大阪駅前第２ビル店,https://suelog.jp/shops/2146,0,8,0,20.25
串かつでんがな／大阪駅前第三ビル店,https://suelog.jp/shops/2146,0,8,0,24.75
串かつ酒場ジェット 梅田東通り店,https://suelog.jp/shops/524,0,3,0,11.333333333333334
串かつ酒場ジェット 梅田東通り店 クチコミ,https://suelog.jp/shops/524,0,1,0,11
串でん わいわい,https://suelog.jp/shops/3431,0,6,0,9.5
串でんわいわい,https://suelog.jp/shops/3431,0,6,0,9.166666666666666
串カツ たぬき,https://suelog.jp/shops/2077,0,1,0,48
串カツ&ワイン ageha アゲハ,https://suelog.jp/shops/2078,0,4,0,41.25
串カツとたこ焼きのらっしゃいセー 新世界 ジャンジャン横丁店,https://suelog.jp/shops/2994,0,9,0,36.44444444444444
串カツとたこ焼きのらっしゃいセー 梅田 お初天神店,https://suelog.jp/shops/2994,0,10,0,28.7
串カツと貝だしおでん 串揚げ酒場 かわの屋,https://suelog.jp/shops/50,0,1,0,15
串カツと貝だしおでん 串揚げ酒場 かわの屋西梅田本店,https://suelog.jp/shops/50,0,14,0,10.285714285714286
串カツと貝だしおでん 串揚げ酒場 かわの屋西梅田本店 大阪市,https://suelog.jp/shops/50,0,6,0,11.5
串カツと貝だしおでん 串揚げ酒場 かわの屋西梅田本店 大阪市 レビュー,https://suelog.jp/shops/50,0,16,0,8.4375
串カツよっとこ 梅田,https://suelog.jp/shops/2049,0,1,0,17
串カツジェット 梅田,https://suelog.jp/shops/524,0,8,0,10.875
串カツ酒場ジェット,https://suelog.jp/shops/524,0,6,0,10.166666666666666
串カツ酒場ジェット 梅田,https://suelog.jp/shops/524,0,10,0,9.8
串家物語 喫煙,https://suelog.jp/shops/2079,0,1,0,6
串家物語 喫煙,https://suelog.jp/shops/2079/shop_edit_requests/new,0,2,0,15.5
串家物語 喫煙,https://suelog.jp/shops/2079/shop_reports/new,0,2,0,31
串焼 一直,https://suelog.jp/shops/184,0,2,0,7.5
串焼barしん家,https://suelog.jp/shops/618,0,4,0,40.75
丸勝 十三,https://suelog.jp/shops/223,0,1,0,11
丸勝駅前店,https://suelog.jp/shops/223,0,1,0,30
丸寿 肥後橋店,https://suelog.jp/shops/3473,0,3,0,30.666666666666668
二尺七輪,https://suelog.jp/shops/1547,0,15,0,8.6
二尺七輪 鳥玖,https://suelog.jp/shops/1547,0,5,0,15.8
二尺七輪 鳥玖 メニュー,https://suelog.jp/shops/1547/shop_edit_requests/new,0,1,0,20
二尺七輪 鳥玖 レビュー,https://suelog.jp/shops/1547,0,2,0,11
二尺七輪 鳥玖 写真,https://suelog.jp/shops/1547,0,17,0,8.235294117647058
京橋 炉端焼 ロバ,https://suelog.jp/shops/4098,0,1,0,35
京橋炉端焼ロバ,https://suelog.jp/shops/4098,0,1,0,31
今やってるスナック,https://suelog.jp/shops/501,0,1,0,1
今日しかない なんば店,https://suelog.jp/shops/1737,0,3,0,12.666666666666666
今日しかない 難波,https://suelog.jp/shops/1737,0,11,0,8.90909090909091
仙寅,https://suelog.jp/shops/2034,0,6,0,5.333333333333333
伊江人酒場,https://suelog.jp/shops/18,0,3,0,27.666666666666668
伊江人酒場 梅田,https://suelog.jp/shops/18,0,19,0,10.31578947368421
佐藤,https://suelog.jp/shops/79,0,1,0,8
佐藤 野田,https://suelog.jp/shops/79,0,6,0,8.333333333333332
個室 ダイニングバー eight 北新地(ダイニングエイト),https://suelog.jp/shops/2136,0,1,0,12
個室シーシャ 白煙,https://suelog.jp/shops/4207,0,5,0,38
健康優良不良酒場,https://suelog.jp/shops/1701,0,78,0,6.294871794871795
備長串屋 わたる 西梅田店,https://suelog.jp/shops/49,0,5,0,13.8
備長串屋 わたる 西梅田店 レビュー,https://suelog.jp/shops/49,0,1,0,12
備長炭と宮崎鶏専門 tora鶏ya,https://suelog.jp/shops/3759,0,1,0,27
備長炭やきとり 坂上家,https://suelog.jp/shops/2088,0,11,0,16.636363636363637
備長炭やきとり 坂上家 レビュー,https://suelog.jp/shops/2088,0,1,0,12
備長炭やきとり坂上家,https://suelog.jp/shops/2088,0,1,0,15
備長炭焼き鳥 甲元,https://suelog.jp/shops/567,0,62,0,8.17741935483871
元かつ,https://suelog.jp/shops/2338,0,6,0,21.666666666666668
元祖 串しゃぶ専門店 まつたけ心斎橋店,https://suelog.jp/shops/180,0,3,0,37
元祖串しゃぶ専門店 まつたけ 北新地本店,https://suelog.jp/shops/180,0,3,0,37.666666666666664
元祖串しゃぶ専門店 まつたけ 堂山店,https://suelog.jp/shops/180,0,2,0,36.5
兎我野町 バー,https://suelog.jp/shops/501,0,1,0,41
兎我野町 居酒屋,https://suelog.jp/shops/3711,0,2,0,1
八銭 堂山,https://suelog.jp/shops/24,0,9,0,10.222222222222221
八銭 梅田,https://suelog.jp/shops/24,0,3,0,13
八銭 梅田堂山店,https://suelog.jp/shops/24,0,4,0,9.25
八銭堂山,https://suelog.jp/shops/24,0,7,0,9.857142857142858
六六 鳥焼肉はじめましたの巻 梅田北新地店,https://suelog.jp/shops/3342,0,5,0,12
初かすみ,https://suelog.jp/shops/1704,0,1,0,16
初かすみ酒房 日本橋店,https://suelog.jp/shops/1704,0,34,0,9.117647058823529
初かすみ酒房日本橋店,https://suelog.jp/shops/1704,0,4,0,9
初音 梅田,https://suelog.jp/shops/17,0,1,0,8
割烹 悦,https://suelog.jp/shops/3528,0,9,0,31.88888888888889
創作居酒屋 kuishinbou,https://suelog.jp/shops/2316,0,4,0,30
創作鉄板 一文字,https://suelog.jp/shops/3514,0,10,0,23.6
創作鉄板一文字 レビュー,https://suelog.jp/shops/3514,0,1,0,11
創彩空,https://suelog.jp/shops/3510,0,25,0,9.44
創菜酒房 おん 梅田店,https://suelog.jp/shops/364,0,3,0,10
力丸 梅田,https://suelog.jp/shops/331,0,1,0,34
勝商店,https://suelog.jp/shops/2972,0,2,0,9.5
勝男 タバコ,https://suelog.jp/shops/2710,0,2,0,5
勝男 タバコ吸える,https://suelog.jp/shops/195,0,6,0,8.5
勝男 タバコ吸える,https://suelog.jp/shops/2710,0,1,0,8
勝男 タバコ吸える,https://suelog.jp/shops/2793,0,9,0,9.555555555555555
勝男 タバコ吸える,https://suelog.jp/shops/3751,0,5,0,10.2
勝男 喫煙,https://suelog.jp/shops/195,0,7,0,9.285714285714286
勝男 喫煙,https://suelog.jp/shops/2793,0,8,0,9.625
勝男 喫煙,https://suelog.jp/shops/3751,0,7,0,11.142857142857142
勝男 喫煙 できる,https://suelog.jp/shops/195,0,4,0,7.75
勝男 喫煙 できる,https://suelog.jp/shops/2793,0,1,0,6
勝男 喫煙 できる,https://suelog.jp/shops/3751,0,2,0,12
勝男 梅田,https://suelog.jp/shops/3751,0,1,0,24
勝男喫煙,https://suelog.jp/shops/2793,0,2,0,6
北 新地 ネカフェ,https://suelog.jp/shops/3080,0,3,0,24.666666666666668
北新地 bar m,https://suelog.jp/shops/3167,0,3,0,9
北新地 owl,https://suelog.jp/shops/2207,0,6,0,9.833333333333334
北新地 r,https://suelog.jp/shops/662,0,1,0,1
北新地 ええやん,https://suelog.jp/shops/3119,0,1,0,7
北新地 えん座,https://suelog.jp/shops/3341,0,9,0,7.444444444444445
北新地 こまつ,https://suelog.jp/shops/94,0,2,0,8
北新地 とり甚 レビュー,https://suelog.jp/shops/3111,0,1,0,18
北新地 エイト,https://suelog.jp/shops/2136,0,1,0,11
北新地 サンボアバー,https://suelog.jp/shops/2173,0,6,0,30
北新地 スナック,https://suelog.jp/shops/660,0,3,0,1.6666666666666665
北新地 タバコ吸える 居酒屋,https://suelog.jp/shops/2144,0,21,0,24.428571428571427
北新地 バー bar craftman,https://suelog.jp/shops/732,0,3,0,7.333333333333333
北新地 マッスルバー,https://suelog.jp/shops/729,0,2,0,29
北新地 マッスルバー レビュー,https://suelog.jp/shops/729,0,1,0,16
北新地 ラウンジ,https://suelog.jp/shops/2123,0,2,0,5.5
北新地 ラウンジ 老舗,https://suelog.jp/shops/2123,0,1,0,3
北新地 ラウンジ 高級,https://suelog.jp/shops/2123,0,1,0,12
北新地 ワイン,https://suelog.jp/shops/3163,0,1,0,1
北新地 喫煙所,https://suelog.jp/shops/3481,0,2,0,12.5
北新地 喫茶店 喫煙,https://suelog.jp/articles/umeda-seat-smoking-kissaten-10,0,1,0,7
北新地 小松,https://suelog.jp/shops/94,0,1,0,6
北新地 居酒屋 喫煙可,https://suelog.jp/shops/2144,0,6,0,17.166666666666668
北新地 桜,https://suelog.jp/shops/3205,0,1,0,1
北新地 海,https://suelog.jp/shops/3397,0,2,0,1.5
北新地 肉匠 soshiji,https://suelog.jp/shops/641,0,3,0,25
北新地barマドレ,https://suelog.jp/shops/3203,0,13,0,6
北新地ええやん,https://suelog.jp/shops/3119,0,1,0,9
北新地えん座,https://suelog.jp/shops/3341,0,10,0,7.3
北新地スナック,https://suelog.jp/shops/615,0,1,0,9
北新地スナック,https://suelog.jp/shops/662,0,1,0,1
北新地スナックclan（クラン） 大阪市,https://suelog.jp/shops/658,0,4,0,4.75
北新地マッスルバー,https://suelog.jp/shops/729,0,1,0,60
北新地ミスターレディ,https://suelog.jp/shops/2960,0,6,0,13
北新地ラウンジ,https://suelog.jp/shops/2123,0,1,0,9
北浜 kemuri,https://suelog.jp/shops/214,0,6,0,11
北浜 きのした,https://suelog.jp/shops/174,0,2,0,21.5
北浜 サムギョプサル,https://suelog.jp/shops/3545,0,4,0,27.25
北浜 ダーツバー,https://suelog.jp/shops/2810,0,2,0,31
北浜 海鮮,https://suelog.jp/shops/246,0,1,0,20
十三,https://suelog.jp/shops/223,0,1,0,4
十三 大光,https://suelog.jp/shops/224,0,2,0,8
十三 松風,https://suelog.jp/shops/222,0,1,0,9
十三屋 大光,https://suelog.jp/shops/224,0,11,0,6.545454545454546
十三屋大光,https://suelog.jp/shops/224,0,7,0,5.571428571428571
千日前まぐろセンター,https://suelog.jp/shops/1496,0,12,0,29.583333333333332
卓球バー 梅田,https://suelog.jp/shops/3062,0,2,0,15.5
南森町 バー,https://suelog.jp/shops/3276,0,1,0,1
南森町 鐘鳥,https://suelog.jp/shops/104,0,18,0,7.666666666666667
博多baru 中村屋,https://suelog.jp/shops/2102,0,6,0,25
博多baru中村屋,https://suelog.jp/shops/2102,0,2,0,26
博多baru中村屋 レビュー,https://suelog.jp/shops/2102,0,1,0,19
博多baru中村屋 梅田阪急東通り店,https://suelog.jp/shops/2102,0,33,0,9.363636363636363
占いバール 猫のマダム,https://suelog.jp/shops/2743,0,2,0,31
厳島 お好み焼き 大阪,https://suelog.jp/shops/220,0,1,0,19
厳島 天満天神橋本店,https://suelog.jp/shops/220,0,32,0,6.46875
厳島 天満天神橋本店,https://suelog.jp/shops/220/shop_edit_requests/new,0,1,0,31
又来家,https://suelog.jp/shops/1664,0,6,0,31.166666666666668
又来家金町店,https://suelog.jp/shops/1664,0,6,0,32
反欠 天満,https://suelog.jp/shops/3942,0,4,0,9.25
台湾 夜市 梅田,https://suelog.jp/shops/3758,0,1,0,38
台湾まるごと食べ放題 台湾夜市,https://suelog.jp/shops/3758,0,1,0,34
台湾まるごと食べ放題 台湾夜市 梅田店,https://suelog.jp/shops/3758,0,4,0,29.75
台湾夜市 大阪市 レビュー,https://suelog.jp/shops/3758,0,1,0,21
吠えるバー,https://suelog.jp/shops/3923,0,1,0,9
吸えログ,https://suelog.jp/contact,0,39,0,1.564102564102564
吸えログ,https://suelog.jp/privacy,0,7,0,1.2857142857142856
吸えログ,https://suelog.jp/shops/18/shop_edit_requests/new,0,2,0,2
吸えログ,https://suelog.jp/shops/183/shop_edit_requests/new,0,1,0,2
吸えログ,https://suelog.jp/shops/215/shop_reports/new,0,1,0,3
吸えログ,https://suelog.jp/shops/2166/shop_edit_requests/new,0,1,0,1
吸えログ,https://suelog.jp/shops/2322/shop_edit_requests/new,0,17,0,1.3529411764705883
吸えログ,https://suelog.jp/shops/2333/shop_reports/new,0,2,0,1.5
吸えログ,https://suelog.jp/shops/270/shop_edit_requests/new,0,26,0,1.6153846153846154
吸えログ,https://suelog.jp/shops/3433/shop_edit_requests/new,0,9,0,1.5555555555555556
吸えログ,https://suelog.jp/shops/351/shop_edit_requests/new,0,10,0,1.4
吸えログ,https://suelog.jp/shops/354/shop_reports/new,0,1,0,2
吸えログ,https://suelog.jp/shops/377/shop_edit_requests/new,0,1,0,1
吸えログ,https://suelog.jp/shops/520/shop_reports/new,0,2,0,2
吸えログ,https://suelog.jp/shops/532/shop_edit_requests/new,0,10,0,1.4
吸えログ,https://suelog.jp/shops/562/shop_edit_requests/new,0,7,0,1.4285714285714286
吸えログ,https://suelog.jp/shops/625/shop_edit_requests/new,0,2,0,1
吸えログ,https://suelog.jp/shops/95/shop_reports/new,0,4,0,1.75
吸えログ,https://suelog.jp/terms,0,13,0,1.3846153846153846
呑み処 きのした,https://suelog.jp/shops/174,0,9,0,19.555555555555557
呑み処 やまだ屋,https://suelog.jp/shops/86,0,1,0,24
呑み処 大阪梅田ブラウン,https://suelog.jp/shops/4202,0,2,0,24.5
呑み処 描喜,https://suelog.jp/shops/4096,0,15,0,8
呑み処 描喜 レビュー,https://suelog.jp/shops/4096,0,1,0,10
呑み処やまだ,https://suelog.jp/shops/86,0,10,0,16.3
味のたぬきん,https://suelog.jp/shops/2077,0,1,0,13
味もんじ 南森町,https://suelog.jp/shops/101,0,3,0,9.333333333333334
味覚処焼庵,https://suelog.jp/shops/1545,0,1,0,11
和座わざ,https://suelog.jp/shops/1108,0,1,0,5
和民茶屋町店,https://suelog.jp/shops/291,0,6,0,30
和洋焼肉 大伍,https://suelog.jp/shops/594,0,10,0,31.8
和牛焼肉 moo,https://suelog.jp/shops/342,0,11,0,26
和牛焼肉 炭小町,https://suelog.jp/shops/1509,0,1,0,12
和牛焼肉炭小町,https://suelog.jp/shops/1509,0,3,0,9.666666666666666
和牛焼肉炭小町,https://suelog.jp/shops/1509/shop_edit_requests/new,0,1,0,23
和牛焼肉炭小町,https://suelog.jp/shops/1509/shop_reports/new,0,6,0,29.333333333333332
和酒バル101,https://suelog.jp/shops/3716,0,10,0,6
咲鶏や レビュー,https://suelog.jp/shops/170,0,5,0,12.2
品味居,https://suelog.jp/shops/1527,0,41,0,10.878048780487806
喫煙 カフェ 梅田,https://suelog.jp/shops/1914,0,1,0,6
喫煙できるカフェ 400m 以内,https://suelog.jp/shops/2921,0,2,0,7
喫煙可 喫茶店,https://suelog.jp/shops/1120,0,1,0,1
喫煙可能 喫茶店,https://suelog.jp/shops/1921,0,1,0,1
喫煙所,https://suelog.jp/umeda,0,1,0,15
喫煙所 梅田,https://suelog.jp/umeda,0,1,0,34
喫煙所梅田,https://suelog.jp/umeda,0,1,0,19
喫煙珈琲&bar,https://suelog.jp/shops/1881,0,2,0,11
喫茶 サニー,https://suelog.jp/shops/1883,0,1,0,1
喫茶 ルージュ,https://suelog.jp/shops/2332,0,2,0,8
喫茶 ルージュ 写真,https://suelog.jp/shops/2332,0,3,0,13
喫茶 ルージュ,https://suelog.jp/shops/2332,0,4,0,9
喫茶 ルージュ 大阪 最寄り 駅,https://suelog.jp/shops/2332,0,1,0,9
喫茶アドリア,https://suelog.jp/shops/1885,0,4,0,10.25
喫茶アドリア レビュー,https://suelog.jp/shops/1885,0,1,0,12
喫茶サニー,https://suelog.jp/shops/1883,0,2,0,3
喫茶ジャバ,https://suelog.jp/shops/3057,0,7,0,10.428571428571429
喫茶マズラ 梅田,https://suelog.jp/shops/608,0,1,0,12
喫茶マヅラ,https://suelog.jp/shops/608,0,2,0,37.5
喫茶マヅラ 喫煙,https://suelog.jp/shops/608,0,5,0,10.2
喫茶マヅラ 梅田,https://suelog.jp/shops/608,0,1,0,22
喫茶ミエル,https://suelog.jp/shops/1716,0,1,0,5
喫茶ミキヤ,https://suelog.jp/shops/2824,0,1,0,11
喫茶ルージュ 大阪,https://suelog.jp/shops/2332,0,4,0,10.75
喫茶ルージュ 天王寺,https://suelog.jp/shops/2332,0,9,0,5.777777777777778
喫茶ルージュ 恵美須町,https://suelog.jp/shops/2332,0,3,0,6
喫茶ルージュ 最寄り 駅,https://suelog.jp/shops/2332,0,1,0,8
喫茶ルージュ 最寄り駅,https://suelog.jp/shops/2332,0,1,0,9
喫茶三番館,https://suelog.jp/shops/1741,0,6,0,40.5
喫茶山水,https://suelog.jp/shops/1886,0,13,0,4.3076923076923075
喫茶店,https://suelog.jp/shops/1886,0,1,0,1
喫茶店 ルージュ,https://suelog.jp/shops/2332,0,1,0,11
喫茶店 梅田 喫煙,https://suelog.jp/shops/3583,0,1,0,32
喫茶店 梅田 喫煙,https://suelog.jp/umeda/station/%E6%A2%85%E7%94%B0%E9%A7%85,0,1,0,40
喫茶店ルージュ,https://suelog.jp/shops/2332,0,1,0,8
喫茶珈琲店ピノキオ 大阪駅前第3ビル店,https://suelog.jp/shops/2193,0,37,0,8.297297297297298
喫茶珈琲店ピノキオ 大阪駅前第3ビル店 メニュー,https://suelog.jp/shops/2193,0,31,0,8.516129032258064
喫茶珈琲店ピノキオ 大阪駅前第3ビル店 レビュー,https://suelog.jp/shops/2193,0,4,0,10.5
四季の晩酌料理 ままや,https://suelog.jp/shops/3946,0,2,0,11
四季自然喰処 たちばな ヒルトンプラザイースト店,https://suelog.jp/shops/98,0,5,0,26.6
四季自然喰処たちばな ヒルトンプラザ イースト店,https://suelog.jp/shops/98,0,1,0,24
四文屋 喫煙,https://suelog.jp/shops/215,0,1,0,7
地下酒場アンブレラ,https://suelog.jp/shops/672,0,1,0,10
地魚料理ますだ,https://suelog.jp/shops/105,0,3,0,15.333333333333334
地鶏と地魚のお店 大祥庵,https://suelog.jp/shops/1503,0,11,0,14.636363636363637
地鶏と鶏だしおでん 鷹仁 南船場店,https://suelog.jp/shops/1106,0,6,0,21
地鶏焼肉 一鳥 福島店,https://suelog.jp/shops/3063,0,7,0,25.571428571428573
坂上 家 梅田,https://suelog.jp/shops/2088,0,1,0,16
坂上さちこ,https://suelog.jp/shops/3027,0,20,0,8.95
坂上さちこ 梅田,https://suelog.jp/shops/3027,0,4,0,9.75
坂上倶楽部 梅田,https://suelog.jp/shops/187,0,31,0,8.419354838709676
坂上家 梅田,https://suelog.jp/shops/2088,0,28,0,8.857142857142858
堀江 とんかつ 大 富士,https://suelog.jp/shops/868,0,1,0,8
堂山 ゲイバー,https://suelog.jp/shops/3052,0,2,0,18
堂山 タバコ吸える 居酒屋,https://suelog.jp/articles/umeda-cheap-smoking-izakaya,0,1,0,20
堂山 タバコ吸える 居酒屋,https://suelog.jp/shops/18,0,26,0,23.46153846153846
堂山 タバコ吸える 居酒屋,https://suelog.jp/shops/3,0,3,0,33.666666666666664
堂山 タバコ吸える 居酒屋,https://suelog.jp/shops/3673,0,6,0,26.333333333333332
堂山 タバコ吸える 居酒屋,https://suelog.jp/shops/522,0,6,0,28.166666666666668
堂山 ビアンバー,https://suelog.jp/shops/536,0,8,0,21
堂山 居酒屋 喫煙可,https://suelog.jp/shops/18,0,10,0,25.4
堂山 居酒屋 喫煙可,https://suelog.jp/shops/24,0,7,0,16.857142857142858
堂山 居酒屋 喫煙可,https://suelog.jp/shops/3,0,4,0,47.5
堂山 居酒屋 喫煙可,https://suelog.jp/shops/3749,0,1,0,38
堂山 居酒屋 喫煙可,https://suelog.jp/shops/522,0,2,0,31.5
堂山タウンビル,https://suelog.jp/shops/2102,0,1,0,19
堂山来夢,https://suelog.jp/shops/536,0,23,0,7.434782608695652
堂島アバンザ 喫煙所,https://suelog.jp/shops/3088,0,8,0,10.375
堂島アバンザ 喫煙所,https://suelog.jp/shops/3088/shop_reports/new,0,1,0,24
堂島グラッチェ 上通り店,https://suelog.jp/shops/3524,0,4,0,9
堂島グランバー,https://suelog.jp/shops/3552,0,4,0,8.75
堂島サンボア,https://suelog.jp/shops/245,0,7,0,32
壱屋 福島店 レビュー,https://suelog.jp/shops/2152,0,1,0,11
壱庵 焼き鳥 梅田,https://suelog.jp/shops/3008,0,12,0,8.25
夛田葡萄酒店 別邸,https://suelog.jp/shops/2952,0,1,0,10
大丸 喫煙所 心斎橋,https://suelog.jp/shops/1317,0,1,0,2
大人立飲 プラスグラフ,https://suelog.jp/shops/16,0,2,0,14.5
大伍 北新地,https://suelog.jp/shops/594,0,1,0,10
大來軒,https://suelog.jp/shops/2037,0,1,0,11
大分からあげと鉄板焼 勝男 第3ビルb1応援団 大阪市,https://suelog.jp/shops/3751,0,2,0,10
大分からあげと鉄板焼 勝男 野田阪神応援団,https://suelog.jp/shops/3751,0,1,0,44
大分からあげと鉄板焼 第2ビルb1応援団 勝男,https://suelog.jp/shops/3751,0,3,0,28
大分からあげと鉄板焼 第3ビルb2応援団 勝男,https://suelog.jp/shops/3751,0,5,0,35.2
大国町 もみの木,https://suelog.jp/shops/2334,0,6,0,6
大国町 シーシャ,https://suelog.jp/shops/1328,0,2,0,5
大富士堀江店,https://suelog.jp/shops/868,0,2,0,20.5
大富豪 梅田,https://suelog.jp/shops/40,0,2,0,9
大富豪 第2ビル店,https://suelog.jp/shops/40,0,6,0,9.666666666666666
大富豪 第2ビル店 メニュー,https://suelog.jp/shops/40,0,5,0,10.6
大富豪 第2ビル店 レビュー,https://suelog.jp/shops/40,0,5,0,9.4
大富豪 第2ビル店 写真,https://suelog.jp/shops/40,0,7,0,7.714285714285714
大富豪梅田,https://suelog.jp/shops/40,0,1,0,26
大来軒 別館,https://suelog.jp/shops/2037,0,2,0,39
大祥庵,https://suelog.jp/shops/1503,0,9,0,16.77777777777778
大衆串カツ よっとこ,https://suelog.jp/shops/2049,0,3,0,11.666666666666666
大衆串カツ よっとこ,https://suelog.jp/shops/2049/shop_reports/new,0,1,0,48
大衆串カツ よっとこ,https://suelog.jp/shops/6,0,1,0,25
大衆串カツよっとこ,https://suelog.jp/shops/2049,0,2,0,12
大衆串カツよっとこ メニュー,https://suelog.jp/shops/2049,0,1,0,21
大衆居酒屋 まじめや 難波店,https://suelog.jp/shops/1589,0,3,0,11.333333333333334
大衆居酒屋 酒ト肴さしすせそ 梅田お初天神店,https://suelog.jp/shops/33,0,16,0,11.625
大衆居酒屋 酒ト肴さしすせそ 梅田お初天神店 レビュー,https://suelog.jp/shops/33,0,5,0,12.4
大衆屋台酒場 まじめや 四日市店,https://suelog.jp/shops/3753,0,2,0,24
大衆屋台酒場 まじめや 大阪駅前第2ビル店,https://suelog.jp/shops/3753,0,6,0,9.833333333333334
大衆肉酒場,https://suelog.jp/shops/35,0,1,0,8
大衆酒場 びりちゃん 大阪梅田店,https://suelog.jp/shops/616,0,7,0,37.857142857142854
大衆酒場 まじめや 難波店,https://suelog.jp/shops/1589,0,4,0,9.75
大衆酒場 まじめや 難波店 写真,https://suelog.jp/shops/1589,0,4,0,9.25
大衆酒場 ホルモンの谷口,https://suelog.jp/shops/264,0,2,0,27.5
大衆酒場 串カツとおばんざいのらっしゃいセー,https://suelog.jp/shops/2994,0,8,0,41.625
大衆酒場 十八番 梅田店,https://suelog.jp/shops/565,0,4,0,21.25
大衆酒場 台所や,https://suelog.jp/shops/3753,0,1,0,33
大衆酒場 東通りタイガー,https://suelog.jp/shops/241,0,1,0,11
大衆酒場 東通りタイガー レビュー,https://suelog.jp/shops/241,0,18,0,9.722222222222221
大衆酒場かど升,https://suelog.jp/shops/3750,0,1,0,27
大衆酒場ぎふや 梅田芝田店,https://suelog.jp/shops/1941,0,1,0,15
大衆酒場ぎふや梅田芝田店,https://suelog.jp/shops/1941,0,5,0,18.2
大衆酒場ぎふや梅田芝田店 レビュー,https://suelog.jp/shops/1941,0,1,0,12
大衆酒場だるま商店,https://suelog.jp/shops/26,0,3,0,9.666666666666666
大衆酒場びりちゃん 第3ビルb1店,https://suelog.jp/shops/616,0,2,0,15.5
大衆酒場まじめや,https://suelog.jp/shops/1589,0,1,0,11
大衆酒場むに 喫煙,https://suelog.jp/shops/3,0,4,0,8.25
大衆酒場むにむに 梅田店,https://suelog.jp/shops/522,0,47,0,11.106382978723405
大衆酒場むにむに 梅田店 写真,https://suelog.jp/shops/522,0,12,0,10.25
大衆酒場マルタカ,https://suelog.jp/shops/3425,0,7,0,19.428571428571427
大衆酒場マルタカ,https://suelog.jp/shops/3425/shop_edit_requests/new,0,3,0,21
大衆酒場マルタカ,https://suelog.jp/shops/3425/shop_reports/new,0,2,0,39.5
大衆酒場マルリキ 大阪駅前第1ビル店,https://suelog.jp/shops/51,0,16,0,8.5625
大衆酒場八銭 梅田堂山店,https://suelog.jp/shops/24,0,52,0,9.538461538461538
大衆酒場八銭 梅田堂山店 レビュー,https://suelog.jp/shops/24,0,1,0,13
大衆酒場八銭 梅田堂山店 写真,https://suelog.jp/shops/24,0,13,0,10.076923076923077
大衆食堂ぬ。,https://suelog.jp/shops/3756,0,7,0,26.571428571428573
大衆食堂ぬ。 梅田,https://suelog.jp/shops/3756,0,1,0,12
大衆鮨酒処 うおしん酒場,https://suelog.jp/shops/25,0,2,0,26
大阪,https://suelog.jp/shops/1883,0,1,0,9
大阪 a bar,https://suelog.jp/shops/1654,0,1,0,41
大阪 a bar,https://suelog.jp/shops/462,0,4,0,10
大阪 ジーノ,https://suelog.jp/shops/546,0,2,0,11.5
大阪 スナック 安い,https://suelog.jp/shops/509,0,1,0,1
大阪 テストセンター,https://suelog.jp/shops/1921,0,1,0,1
大阪 ナチュラルワイン,https://suelog.jp/shops/3081,0,1,0,4
大阪 バー おすすめ,https://suelog.jp/shops/708,0,1,0,5
大阪 ビアンバー,https://suelog.jp/shops/536,0,3,0,1
大阪 ポパイ,https://suelog.jp/shops/2931/shop_reports/new,0,2,0,52
大阪 ミックスバー,https://suelog.jp/shops/2892,0,2,0,1
大阪 ミックスバー,https://suelog.jp/shops/536,0,1,0,1
大阪 創作居酒屋,https://suelog.jp/shops/34,0,1,0,2
大阪 堂山 ビアンバー,https://suelog.jp/shops/536,0,1,0,10
大阪 日本橋 喫茶店,https://suelog.jp/shops/1883,0,1,0,1
大阪 日本橋 喫茶店,https://suelog.jp/shops/1886,0,1,0,1
大阪 日本橋 喫茶店 喫煙,https://suelog.jp/shops/1884,0,19,0,6.7368421052631575
大阪 響,https://suelog.jp/shops/3327,0,1,0,83
大阪 駅 喫煙 所,https://suelog.jp/umeda/station/%E5%A4%A7%E9%98%AA%E9%A7%85,0,1,0,23
大阪 駅前 第2ビル 居酒屋 喫煙可,https://suelog.jp/shops/233,0,1,0,11
大阪 駅前 第2ビル 居酒屋 喫煙可,https://suelog.jp/shops/3753,0,4,0,11.25
大阪 駅前 第3ビル 居酒屋 喫煙可,https://suelog.jp/shops/2146,0,4,0,10.75
大阪 駅前 第3ビル 居酒屋 喫煙可,https://suelog.jp/shops/215,0,2,0,10
大阪 駅前 第4ビル 喫煙所,https://suelog.jp/shops/230,0,2,0,14
大阪candy,https://suelog.jp/shops/443,0,1,0,10
大阪ビアンバー,https://suelog.jp/shops/536,0,1,0,1
大阪一 とり平,https://suelog.jp/shops/1910,0,8,0,28.625
大阪中津 グルメ おすすめ,https://suelog.jp/shops/266,0,1,0,4
大阪名物大衆酒場 串カツとたこ焼きのらっしゃいセー,https://suelog.jp/shops/2994,0,1,0,15
大阪名物大衆酒場 串カツとたこ焼きのらっしゃいセー 梅田 お初天神店,https://suelog.jp/shops/2994,0,1,0,31
大阪名物大衆酒場 串カツとたこ焼きのらっしゃいセー 梅田 お初天神店 レビュー,https://suelog.jp/shops/2994,0,1,0,13
大阪屋 梅田 レビュー,https://suelog.jp/shops/232,0,1,0,31
大阪市北区堂山町 16-4パールレジャービル3f,https://suelog.jp/shops/358,0,1,0,8
大阪府大阪市北区堂山町15-15 鳳城ビル 4f,https://suelog.jp/shops/363,0,3,0,9.666666666666666
大阪府大阪市北区曾根崎2-5-23,https://suelog.jp/shops/3759,0,1,0,21
大阪焼肉 隠れた名店,https://suelog.jp/shops/1766,0,1,0,1
大阪王将 喫煙,https://suelog.jp/shops/2110,0,4,0,25.5
大阪王将 喫煙,https://suelog.jp/shops/2110/shop_edit_requests/new,0,1,0,11
大阪王将 喫煙,https://suelog.jp/shops/2110/shop_reports/new,0,2,0,14
大阪第3ビル,https://suelog.jp/shops/215,0,1,0,8
大阪第4ビル 喫煙所,https://suelog.jp/shops/230,0,4,0,11.5
大阪第4ビル 居酒屋,https://suelog.jp/shops/2179,0,1,0,57
大阪第四ビル 喫煙所,https://suelog.jp/shops/230,0,2,0,16
大阪難波隠れ家焼き肉牛隱 メニュー,https://suelog.jp/shops/1766,0,5,0,9.2
大阪難波隠れ家焼き肉牛隱 レビュー,https://suelog.jp/shops/1766,0,21,0,8.523809523809524
大阪韓国料理,https://suelog.jp/shops/3769,0,1,0,1
大阪駅 喫煙,https://suelog.jp/umeda/station/%E5%A4%A7%E9%98%AA%E9%A7%85,0,2,0,27.5
大阪駅 喫煙,https://suelog.jp/umeda/station/osaka,0,2,0,21.5
大阪駅 喫煙所,https://suelog.jp/umeda/station/%E5%A4%A7%E9%98%AA%E9%A7%85,0,6,0,28.333333333333332
大阪駅 喫煙所 ホーム,https://suelog.jp/umeda/station/osaka,0,1,0,31
大阪駅前 オリエンタルラウンジ,https://suelog.jp/shops/1927,0,2,0,11.5
大阪駅前オリエンタルラウンジ,https://suelog.jp/shops/1927,0,4,0,10.5
大阪駅前ビル 立ち飲み,https://suelog.jp/shops/235,0,1,0,34
大阪駅前第3ビル 喫煙所,https://suelog.jp/shops/215,0,1,0,21
大阪駅喫煙所,https://suelog.jp/umeda/station/%E5%A4%A7%E9%98%AA%E9%A7%85,0,23,0,29.608695652173914
大阪駅構内喫煙所,https://suelog.jp/umeda/station/%E5%A4%A7%E9%98%AA%E9%A7%85,0,14,0,38.357142857142854
天ぷら寿司海鮮 米福 西梅田店,https://suelog.jp/shops/2259,0,7,0,23
天五バス停前,https://suelog.jp/shops/2011,0,2,0,11
天六 バー,https://suelog.jp/shops/403,0,1,0,21
天六 喫煙所,https://suelog.jp/shops/2813,0,1,0,8
天六応援団 大分からあげと鉄板焼 勝男,https://suelog.jp/shops/2710,0,1,0,28
天満 bar,https://suelog.jp/shops/405,0,1,0,1
天満 お好み焼き,https://suelog.jp/shops/220,0,1,0,1
天満 オリエンタルラウンジ,https://suelog.jp/shops/2000,0,1,0,11
天満 ゲイバー,https://suelog.jp/shops/3052,0,1,0,9
天満 ショットバー,https://suelog.jp/shops/2804,0,1,0,1
天満 シーシャ,https://suelog.jp/shops/2738,0,1,0,28
天満 ジーノ,https://suelog.jp/shops/2814,0,12,0,9.916666666666666
天満 スナック,https://suelog.jp/shops/438,0,1,0,3
天満 スナック,https://suelog.jp/shops/440,0,1,0,1
天満 スナック,https://suelog.jp/shops/441,0,1,0,9
天満 バー,https://suelog.jp/shops/405,0,6,0,1.1666666666666667
天満 バー カラオケ,https://suelog.jp/shops/3941,0,1,0,1
天満 ピンポンバー,https://suelog.jp/shops/2011,0,4,0,10.25
天満 喫茶店 喫煙,https://suelog.jp/shops/2739,0,1,0,2
天満 日本酒と炭火焼き まぐまらし,https://suelog.jp/shops/2030,0,3,0,8.666666666666668
天満 焼き鳥 喫煙可,https://suelog.jp/shops/2026,0,1,0,16
天満オリエンタルラウンジ,https://suelog.jp/shops/2000,0,1,0,9
天満カラオケサケバー,https://suelog.jp/shops/3941,0,4,0,6.25
天満スナック 安い,https://suelog.jp/shops/440,0,1,0,1
天満厳島,https://suelog.jp/shops/220,0,1,0,5
天王寺 ポーカー,https://suelog.jp/shops/2299,0,1,0,3
天王寺 モーニング おすすめ,https://suelog.jp/shops/1883,0,1,0,1
天神大ホール 梅田,https://suelog.jp/shops/619,0,2,0,13
天神橋筋六丁目 カフェ,https://suelog.jp/shops/2739,0,1,0,1
天神橋筋商店街 モーニング,https://suelog.jp/shops/2739,0,1,0,1
太融寺 タバコ吸える 居酒屋,https://suelog.jp/shops/218,0,2,0,16
太融寺 タバコ吸える 居酒屋,https://suelog.jp/shops/2267,0,7,0,26.428571428571427
太融寺 タバコ吸える 居酒屋,https://suelog.jp/shops/2647,0,1,0,39
太融寺 タバコ吸える 居酒屋,https://suelog.jp/shops/27,0,39,0,17.82051282051282
太融寺 タバコ吸える 居酒屋,https://suelog.jp/shops/3665,0,1,0,13
太融寺 タバコ吸える 居酒屋,https://suelog.jp/shops/386,0,1,0,39
太融寺 タバコ吸える 居酒屋,https://suelog.jp/shops/42,0,7,0,31.857142857142858
太融寺 タバコ吸える 居酒屋,https://suelog.jp/shops/55,0,4,0,34
太融寺 居酒屋 喫煙可,https://suelog.jp/articles/umeda-all-you-can-drink-smoking,0,1,0,21
太融寺 居酒屋 喫煙可,https://suelog.jp/shops/2267,0,1,0,38
太融寺 居酒屋 喫煙可,https://suelog.jp/shops/27,0,33,0,21.727272727272727
太融寺 居酒屋 喫煙可,https://suelog.jp/shops/42,0,6,0,39
太融寺 居酒屋 喫煙可,https://suelog.jp/shops/567,0,4,0,37.75
太融寺 居酒屋 喫煙可,https://suelog.jp/umeda/genre/izakaya,0,1,0,38
女装スナック,https://suelog.jp/shops/501,0,1,0,1
好屋麺,https://suelog.jp/shops/1284,0,9,0,19.444444444444443
宵 梅田,https://suelog.jp/shops/1955,0,5,0,7.2
寿 焼き鳥,https://suelog.jp/shops/1954,0,10,0,11.1
寿司割烹 しきの花,https://suelog.jp/shops/1576,0,7,0,10.714285714285714
寿司居酒屋 ひろ,https://suelog.jp/shops/2802,0,4,0,21.25
寿司居酒屋ひろ,https://suelog.jp/shops/2802,0,2,0,9.5
寿司居酒屋ひろ メニュー,https://suelog.jp/shops/2802,0,3,0,10.333333333333334
小松原町喫煙所,https://suelog.jp/shops/2068,0,2,0,12
小松原町喫煙所,https://suelog.jp/shops/24,0,2,0,10.5
居酒屋 vape,https://suelog.jp/articles/vape-smoking-review,0,2,0,6
居酒屋 お魚と日本酒 七代目なお 天満店,https://suelog.jp/shops/2023,0,3,0,22.666666666666668
居酒屋 とりで,https://suelog.jp/shops/3297,0,1,0,10
居酒屋 とりで梅田店,https://suelog.jp/shops/3297,0,7,0,20.571428571428573
居酒屋 とりで梅田駅前店,https://suelog.jp/shops/3297,0,7,0,17.857142857142858
居酒屋 まじめや 大阪駅前第二ビル店,https://suelog.jp/shops/3753,0,5,0,37
居酒屋 ジェット,https://suelog.jp/shops/524,0,1,0,10
居酒屋&バー swoon,https://suelog.jp/shops/1314,0,1,0,28
居酒屋&バー swoon,https://suelog.jp/shops/1548,0,3,0,11.333333333333334
居酒屋1969・3号店,https://suelog.jp/shops/3379,0,8,0,11.875
居酒屋cave,https://suelog.jp/shops/2666,0,1,0,14
居酒屋おしゃん亭,https://suelog.jp/shops/217,0,3,0,13.666666666666666
居酒屋じんべえ,https://suelog.jp/shops/93,0,2,0,22
居酒屋じんべえ 2ビル店,https://suelog.jp/shops/93,0,10,0,15.3
居酒屋ちとも,https://suelog.jp/shops/2319,0,5,0,14.6
居酒屋ねこ,https://suelog.jp/shops/34,0,1,0,1
居酒屋コレカラ,https://suelog.jp/shops/218/shop_edit_requests/new,0,1,0,5
居酒屋コレカラ,https://suelog.jp/shops/218/shop_reports/new,0,4,0,9.25
居酒屋ジェット,https://suelog.jp/shops/524,0,1,0,11
居酒屋スタンドコネコ,https://suelog.jp/shops/34,0,11,0,6.454545454545454
居酒屋スタンドコネコ 大阪市,https://suelog.jp/shops/34,0,7,0,8.142857142857142
居酒屋スタンドコネコ 大阪市 レビュー,https://suelog.jp/shops/34,0,2,0,11
居酒屋ゼゼヒヒ,https://suelog.jp/shops/1723,0,14,0,9.071428571428571
居酒屋ゼゼヒヒ,https://suelog.jp/shops/1723/shop_edit_requests/new,0,12,0,24.083333333333332
居酒屋銀次,https://suelog.jp/shops/246,0,1,0,1
屋台居酒屋 大阪 満マル 天神橋3丁目店,https://suelog.jp/shops/2108,0,11,0,26.09090909090909
屋台居酒屋 大阪 満マル 天神橋5丁目店,https://suelog.jp/shops/2108,0,4,0,24.5
屋台酒場shyウーロン,https://suelog.jp/shops/3630,0,17,0,10.117647058823529
島内小館,https://suelog.jp/shops/1529,0,13,0,9.76923076923077
川北商店,https://suelog.jp/shops/2151,0,1,0,30
川北商店 梅田,https://suelog.jp/shops/2151,0,1,0,31
川奈ビル b1,https://suelog.jp/shops/3682,0,11,0,3.272727272727273
席で喫煙 できる 居酒屋 大阪 個室,https://suelog.jp/articles/umeda-private-room-smoking,0,2,0,19.5
席で喫煙できる居酒屋 梅田,https://suelog.jp/articles/umeda-private-room-smoking,0,1,0,22
平田第2レジャービル 店舗,https://suelog.jp/shops/3052,0,1,0,2
幸せ立ち呑み 夢ごりら,https://suelog.jp/shops/609,0,30,0,8.6
幸せ立ち呑み 夢ごりら レビュー,https://suelog.jp/shops/609,0,7,0,10.714285714285714
幸せ立ち呑み 夢ごりら 写真,https://suelog.jp/shops/609,0,26,0,9.26923076923077
弘八,https://suelog.jp/shops/1953,0,6,0,9.5
弘八 梅田,https://suelog.jp/shops/1953,0,12,0,10.333333333333334
得一,https://suelog.jp/shops/103,0,1,0,1
得一 扇町,https://suelog.jp/shops/103,0,2,0,21.5
得一 扇町店,https://suelog.jp/shops/103,0,9,0,18.333333333333332
心斎橋 かわぐち レビュー,https://suelog.jp/shops/1107,0,1,0,12
心斎橋 カレー,https://suelog.jp/shops/1478,0,1,0,1
心斎橋 パルコ 喫煙所,https://suelog.jp/shops/1317,0,3,0,6
心斎橋 喫煙所,https://suelog.jp/shops/1317,0,1,0,37
心斎橋 焼き鳥 かわぐち,https://suelog.jp/shops/1107,0,2,0,31
心斎橋parco 喫煙所,https://suelog.jp/shops/1317,0,14,0,10.214285714285714
心斎橋キーマ,https://suelog.jp/shops/1478,0,11,0,6.454545454545454
心斎橋パルコ 喫煙所,https://suelog.jp/shops/1317,0,4,0,7.25
心斎橋喫煙所,https://suelog.jp/shops/1317,0,1,0,35
志づ,https://suelog.jp/shops/3141,0,2,0,43
快活 喫煙,https://suelog.jp/shops/3080,0,1,0,6
快活 喫煙ブース,https://suelog.jp/shops/3080,0,1,0,5
快活club 喫煙所,https://suelog.jp/shops/3080,0,1,0,6
快活club 西梅田曽根崎新地店 レビュー,https://suelog.jp/shops/3080,0,8,0,10.625
快活クラブ 加熱式たばこ専用エリア,https://suelog.jp/shops/3080,0,1,0,11
快活クラブ 喫煙,https://suelog.jp/shops/3080,0,5,0,8.4
快活クラブ 喫煙所,https://suelog.jp/shops/3080,0,2,0,4.5
快活クラブ喫煙所,https://suelog.jp/shops/3080,0,1,0,5
快活クラブ西梅田曽根崎新地店,https://suelog.jp/shops/3080,0,1,0,9
愛 喫煙,https://suelog.jp/shops/3250,0,1,0,46
愛之助 道頓堀,https://suelog.jp/shops/1499,0,1,0,7
扇町 喫煙所,https://suelog.jp/shops/2111,0,1,0,11
扇町公園 喫煙所,https://suelog.jp/shops/2111,0,15,0,8.333333333333332
扇町公園 喫煙所,https://suelog.jp/shops/2111/shop_edit_requests/new,0,3,0,11.666666666666666
扇町公園喫煙所,https://suelog.jp/shops/2111,0,4,0,8.5
手作りコーヒーの店 nel,https://suelog.jp/shops/1694,0,1,0,10
手作りコーヒーの店 nel なんばウォーク店,https://suelog.jp/shops/1694,0,12,0,10.166666666666666
描喜,https://suelog.jp/shops/4096,0,1,0,8
描喜 京橋,https://suelog.jp/shops/4096,0,1,0,10
播鳥 肥後橋,https://suelog.jp/shops/3343,0,1,0,22
播鳥 肥後橋店,https://suelog.jp/shops/3343,0,12,0,19.666666666666668
料亭悦,https://suelog.jp/shops/3528,0,1,0,21
新世界 おやじの串や,https://suelog.jp/shops/2306,0,1,0,32
新世界 おやじの串や 本店,https://suelog.jp/shops/2306,0,1,0,29
新世界 喫煙可,https://suelog.jp/shops/2305/shop_edit_requests/new,0,1,0,45
新世界 喫煙可,https://suelog.jp/shops/2306,0,2,0,14.5
新世界 喫煙可 居酒屋,https://suelog.jp/shops/2306,0,1,0,11
新世界 居酒屋 喫煙可,https://suelog.jp/shops/2306,0,1,0,12
新新品味居,https://suelog.jp/shops/1527,0,10,0,7.9
新時代 タバコ,https://suelog.jp/shops/2229,0,2,0,9
新時代 タバコ,https://suelog.jp/shops/3749,0,3,0,10.666666666666666
新時代 喫煙,https://suelog.jp/shops/3749,0,16,0,7.4375
新時代 喫煙可,https://suelog.jp/shops/2229,0,1,0,12
新時代 喫煙可,https://suelog.jp/shops/3749,0,4,0,7
新時代 喫煙所,https://suelog.jp/shops/3749,0,2,0,6
新時代 大阪梅田2号店,https://suelog.jp/shops/3749,0,1,0,21
新時代 大阪梅田２号店,https://suelog.jp/shops/3749,0,6,0,25.5
新時代 大阪梅田２号店 レビュー,https://suelog.jp/shops/3749,0,1,0,14
新時代 居酒屋 タバコ 吸える,https://suelog.jp/shops/2229,0,1,0,10
新時代 居酒屋 タバコ 吸える,https://suelog.jp/shops/3749,0,1,0,6
新時代タバコ,https://suelog.jp/shops/2229,0,1,0,1
新時代タバコ,https://suelog.jp/shops/3749,0,1,0,10
新時代喫煙,https://suelog.jp/shops/3749,0,1,0,8
新梅田食堂街 喫煙,https://suelog.jp/shops/237,0,2,0,6.5
新梅田食堂街 喫煙所,https://suelog.jp/shops/237,0,2,0,7
新梅田食堂街 居酒屋 三喜,https://suelog.jp/shops/237,0,3,0,10.333333333333334
新梅田食堂街 居酒屋 三喜 レビュー,https://suelog.jp/shops/237,0,2,0,19
新梅田食道街 喫煙,https://suelog.jp/shops/237,0,7,0,11
新梅田食道街 喫煙所,https://suelog.jp/shops/237,0,1,0,12
新田バー,https://suelog.jp/shops/726,0,11,0,8.545454545454547
日本 パブ 加熱式たばこ 使用可能,https://suelog.jp/shops/2906,0,2,0,2
日本橋 喫煙可能 喫茶店,https://suelog.jp/shops/1884,0,1,0,11
日本酒 焼き鶏 弘八,https://suelog.jp/shops/1953,0,20,0,10.1
日本酒とおばんざい おでん酒場 呑,https://suelog.jp/shops/1588,0,2,0,19
日本酒とワインの店 藜 大阪府 大阪市北区 曽根崎 1-7-15 曽根崎ムーンビル 2 osaka,https://suelog.jp/shops/3163,0,24,0,5.833333333333333
日本酒と炭火焼き まぐまらし 天満,https://suelog.jp/shops/2030,0,22,0,9.136363636363637
日本酒と炭火焼き まぐまらし,https://suelog.jp/shops/2030,0,2,0,10.5
日本酒焼き鳥 弘八,https://suelog.jp/shops/1953,0,1,0,11
日本酒焼き鶏弘八,https://suelog.jp/shops/1953,0,5,0,12.8
日本酒焼き鶏弘八（旧：まる八とり友）,https://suelog.jp/shops/1953,0,14,0,6.571428571428571
日本酒焼き鶏弘八（旧：まる八とり友） 大阪市,https://suelog.jp/shops/1953,0,50,0,7.76
日本酒焼き鶏弘八（旧：まる八とり友） 大阪市 レビュー,https://suelog.jp/shops/1953,0,25,0,8.440000000000001
日本酒焼き鶏弘八（旧：まる八とり友） 大阪市 写真,https://suelog.jp/shops/1953,0,11,0,6.2727272727272725
旬平 しゅんぺい 難波中店,https://suelog.jp/shops/1737,0,9,0,17.666666666666668
旬菜織部,https://suelog.jp/shops/3300,0,12,0,10.25
旬菜織部,https://suelog.jp/shops/3300/shop_edit_requests/new,0,1,0,45
昭和ゴールデン,https://suelog.jp/shops/14,0,1,0,44
昭和ゴールデン 大阪駅前第4ビル店 レビュー,https://suelog.jp/shops/14,0,8,0,11.375
昭和レトロ,https://suelog.jp/shops/351,0,2,0,1.5
昭和レトロ 大阪,https://suelog.jp/shops/351,0,1,0,1
昭和丸 梅田,https://suelog.jp/shops/181,0,12,0,6.75
晩ご飯,https://suelog.jp/shops/266,0,1,0,3
晩杯屋 タバコ,https://suelog.jp/shops/230,0,1,0,8
晩杯屋 喫煙,https://suelog.jp/shops/230,0,1,0,5
晩杯屋 大阪 駅前 第4ビル店,https://suelog.jp/shops/230,0,5,0,9
晩杯屋 店舗,https://suelog.jp/shops/230,0,1,0,3
晩杯屋 梅田,https://suelog.jp/shops/230,0,24,0,11.75
晩杯屋 第4ビル,https://suelog.jp/shops/230,0,2,0,8
晩杯屋 駅ビル,https://suelog.jp/shops/230,0,1,0,12
普通のスナック,https://suelog.jp/shops/354,0,22,0,11.409090909090908
普通のスナック 写真,https://suelog.jp/shops/354,0,3,0,10
曲ル角ニハ泡喰ライ,https://suelog.jp/shops/35,0,6,0,26.5
曽根崎 バー 喫煙可能,https://suelog.jp/articles/umeda-bar-atmosphere-10/track_shop_click?shop_id=489,0,5,0,8
曽根崎 バー 喫煙可能,https://suelog.jp/shops/2929,0,55,0,8.09090909090909
曽根崎 バー 喫煙可能,https://suelog.jp/shops/3261,0,5,0,10.6
曽根崎 バー 喫煙可能,https://suelog.jp/shops/3264,0,5,0,9
曽根崎 バー 喫煙可能,https://suelog.jp/shops/3476,0,1,0,27
曽根崎 バー 喫煙可能,https://suelog.jp/shops/489,0,3,0,6.333333333333333
曽根崎 バー 喫煙可能,https://suelog.jp/shops/625,0,17,0,6.882352941176471
曽根崎 バー 喫煙可能,https://suelog.jp/shops/633,0,111,0,4.351351351351351
曽根崎 バー 喫煙可能,https://suelog.jp/shops/638,0,6,0,10.833333333333334
曽根崎 バー 喫煙可能,https://suelog.jp/shops/668,0,16,0,8.25
曽根崎心空,https://suelog.jp/shops/633,0,1,0,8
朝な夕な,https://suelog.jp/shops/450,0,5,0,45.4
本格焼酎bar ニチヨウビ メニュー,https://suelog.jp/shops/1717,0,2,0,10.5
本格焼酎bar ニチヨウビ メニュー,https://suelog.jp/shops/1717/shop_edit_requests/new,0,1,0,22
本格焼酎bar ニチヨウビ 写真,https://suelog.jp/shops/1717,0,28,0,9
本格焼酎bar ニチヨウビ 写真,https://suelog.jp/shops/1717/shop_edit_requests/new,0,1,0,20
本格焼酎barニチヨウビ,https://suelog.jp/shops/1717,0,6,0,7.833333333333333
東梅田 どて焼き,https://suelog.jp/shops/2179,0,35,0,5.942857142857143
東梅田 タバコ吸える 居酒屋,https://suelog.jp/umeda/station/higashi-umeda,0,15,0,26.133333333333333
東梅田 喫煙所,https://suelog.jp/umeda/station/%E6%A2%85%E7%94%B0%E9%A7%85,0,2,0,14.5
東梅田 喫煙所,https://suelog.jp/umeda/station/higashi-umeda,0,16,0,7.125
東梅田 居酒屋 喫煙可,https://suelog.jp/umeda/station/higashi-umeda,0,17,0,18.352941176470587
東梅田駅 喫煙所,https://suelog.jp/umeda/station/%E6%A2%85%E7%94%B0%E9%A7%85,0,3,0,10.333333333333334
東梅田駅 喫煙所,https://suelog.jp/umeda/station/higashi-umeda,0,2,0,9
東梅田駅 居酒屋 喫煙,https://suelog.jp/umeda/station/higashi-umeda,0,16,0,10.625
東通り カラオケバー,https://suelog.jp/shops/546,0,4,0,12.5
東通り タイガー,https://suelog.jp/shops/241,0,1,0,12
東通り タバコ吸える 居酒屋,https://suelog.jp/shops/241,0,57,0,28.789473684210527
東通り タバコ吸える 居酒屋,https://suelog.jp/shops/241/shop_edit_requests/new,0,1,0,33
東通り タバコ吸える 居酒屋,https://suelog.jp/shops/3673,0,13,0,38.69230769230769
東通り タバコ吸える 居酒屋,https://suelog.jp/shops/4225,0,3,0,12.333333333333334
東通り タバコ吸える 居酒屋,https://suelog.jp/shops/4229,0,3,0,17.666666666666668
東通り 居酒屋 喫煙可,https://suelog.jp/shops/241,0,48,0,14.979166666666666
東通り 居酒屋 喫煙可,https://suelog.jp/shops/3673,0,15,0,27.6
東通り 居酒屋 喫煙可,https://suelog.jp/shops/4229,0,2,0,24
東通り 居酒屋 喫煙可,https://suelog.jp/shops/524,0,1,0,43
東通り 居酒屋 喫煙可,https://suelog.jp/umeda/genre/izakaya,0,1,0,22
板場居酒屋 海源丸,https://suelog.jp/shops/1584,0,2,0,13.5
板場居酒屋 海源丸 レビュー,https://suelog.jp/shops/1584,0,2,0,10
林檎と,https://suelog.jp/shops/582,0,5,0,6
林檎と 福島,https://suelog.jp/shops/582,0,9,0,7.333333333333333
林檎と、,https://suelog.jp/shops/582,0,17,0,5.764705882352941
林檎と、 福島,https://suelog.jp/shops/582,0,7,0,7.571428571428571
桜川 ランチ,https://suelog.jp/shops/1323,0,1,0,24
梅田 ajito,https://suelog.jp/shops/2095,0,1,0,6
梅田 arata,https://suelog.jp/shops/1977,0,5,0,33.8
梅田 b4,https://suelog.jp/shops/2925,0,11,0,8.90909090909091
梅田 maniwa,https://suelog.jp/shops/3041,0,14,0,6.071428571428571
梅田 mememe,https://suelog.jp/shops/228,0,8,0,9.25
梅田 musch,https://suelog.jp/shops/2929,0,1,0,9
梅田 nito,https://suelog.jp/shops/3685,0,2,0,9.5
梅田 sol,https://suelog.jp/shops/3768,0,1,0,41
梅田 tucusi,https://suelog.jp/shops/2281,0,4,0,10
梅田 うまかもん 大阪駅前店,https://suelog.jp/shops/620,0,9,0,10.666666666666666
梅田 お好み焼き 喫煙可,https://suelog.jp/articles/umeda-kitashinchi-osaka-local-gourmet-10,0,1,0,16
梅田 お好み焼き 喫煙可,https://suelog.jp/shops/4216,0,1,0,28
梅田 さしすせそ,https://suelog.jp/shops/33,0,2,0,16
梅田 じんべえ,https://suelog.jp/shops/93,0,1,0,38
梅田 せんべろ,https://suelog.jp/articles/umeda-standing-bar-10-best,0,2,0,32.5
梅田 だるま商店,https://suelog.jp/shops/26,0,1,0,10
梅田 とりぞう,https://suelog.jp/shops/27,0,2,0,12
梅田 むにむに,https://suelog.jp/shops/522,0,2,0,12
梅田 むにむに 居酒屋,https://suelog.jp/shops/522,0,3,0,9.666666666666666
梅田 アステリア,https://suelog.jp/shops/562,0,2,0,18
梅田 イタリアン tucusi,https://suelog.jp/shops/2281,0,1,0,35
梅田 オモニ 韓国料理,https://suelog.jp/shops/1960,0,6,0,8.666666666666668
梅田 オースリー,https://suelog.jp/shops/1924,0,4,0,12.5
梅田 カフェ 喫煙,https://suelog.jp/umeda/station/%E6%A2%85%E7%94%B0%E9%A7%85,0,1,0,37
梅田 カラオケ バー,https://suelog.jp/shops/509,0,1,0,12
梅田 カラオケバー,https://suelog.jp/shops/3277,0,2,0,21.5
梅田 ゲームバー,https://suelog.jp/shops/238,0,2,0,27.5
梅田 サンボア,https://suelog.jp/shops/3762,0,1,0,36
梅田 シーシャ バー リンク shisha cafe&bar link,https://suelog.jp/shops/323,0,3,0,10.333333333333334
梅田 ジャジャバー,https://suelog.jp/shops/1889,0,1,0,16
梅田 ジャンカラ,https://suelog.jp/shops/313,0,3,0,26.333333333333332
梅田 ジーノ,https://suelog.jp/shops/546,0,1,0,13
梅田 ジーノ バー,https://suelog.jp/shops/546,0,2,0,11
梅田 ジーノ バー,https://suelog.jp/shops/628,0,1,0,12
梅田 スナック,https://suelog.jp/shops/351,0,1,0,1
梅田 スナック,https://suelog.jp/shops/503,0,1,0,1
梅田 スナック,https://suelog.jp/shops/504,0,2,0,1
梅田 スナック,https://suelog.jp/shops/615,0,1,0,14
梅田 スナック,https://suelog.jp/shops/660,0,1,0,15
梅田 スナック カラオケ,https://suelog.jp/shops/507,0,1,0,32
梅田 スナック カラオケ,https://suelog.jp/shops/509,0,1,0,6
梅田 タバコ吸える 居酒屋,https://suelog.jp/articles/umeda-cheap-smoking-izakaya,0,25,0,16.36
梅田 タバコ吸える 居酒屋,https://suelog.jp/articles/umeda-private-room-smoking,0,32,0,30.40625
梅田 タバコ吸える場所,https://suelog.jp/umeda/smoking/separated?open_now=1,0,2,0,12
梅田 タバコ吸える場所,https://suelog.jp/umeda/station/%E6%A2%85%E7%94%B0%E9%A7%85,0,5,0,13
梅田 タバコ吸える居酒屋,https://suelog.jp/articles/umeda-all-you-can-drink-smoking,0,1,0,47
梅田 タバコ吸える居酒屋,https://suelog.jp/articles/umeda-cheap-smoking-izakaya,0,1,0,14
梅田 タバコ吸える居酒屋,https://suelog.jp/articles/umeda-private-room-smoking,0,1,0,30
梅田 ドトール 喫煙,https://suelog.jp/shops/2881,0,2,0,10
梅田 ドトール 喫煙,https://suelog.jp/shops/2922,0,30,0,10.533333333333333
梅田 バー,https://suelog.jp/shops/2292,0,1,0,61
梅田 バー カジュアル,https://suelog.jp/shops/488,0,1,0,18
梅田 パワースポット,https://suelog.jp/shops/3006,0,2,0,3
梅田 ビアンバー,https://suelog.jp/shops/536,0,32,0,6.875
梅田 プラム,https://suelog.jp/shops/453,0,3,0,24.333333333333332
梅田 ボードゲーム,https://suelog.jp/shops/2105,0,1,0,56
梅田 マジックバー,https://suelog.jp/shops/3407,0,1,0,22
梅田 マハラジャ,https://suelog.jp/shops/3760,0,1,0,30
梅田 マルシン,https://suelog.jp/shops/227,0,2,0,10.5
梅田 ミックスバー,https://suelog.jp/shops/2892,0,2,0,1
梅田 メゾンプラス,https://suelog.jp/shops/3374,0,3,0,17.333333333333332
梅田 ライオンハート,https://suelog.jp/shops/3489,0,3,0,9.333333333333334
梅田 リリス,https://suelog.jp/shops/3364,0,8,0,9.5
梅田 リンクス 喫煙所,https://suelog.jp/shops/269,0,5,0,12.2
梅田 リンクス 喫煙所,https://suelog.jp/shops/270,0,1,0,4
梅田 レズビアンバー,https://suelog.jp/shops/536,0,1,0,2
梅田 ワインバル,https://suelog.jp/shops/3163,0,2,0,15.5
梅田 三喜,https://suelog.jp/shops/237,0,1,0,7
梅田 個室 喫煙可 居酒屋,https://suelog.jp/articles/umeda-private-room-smoking,0,3,0,9
梅田 個室 居酒屋 喫煙可,https://suelog.jp/articles/umeda-private-room-smoking,0,12,0,10.75
梅田 個室居酒屋 喫煙可,https://suelog.jp/articles/umeda-private-room-smoking,0,4,0,10.75
梅田 初音,https://suelog.jp/shops/17,0,1,0,8
梅田 勝商店,https://suelog.jp/shops/2972,0,8,0,8.5
梅田 喫煙,https://suelog.jp/map?lat=,0,1,0,46
梅田 喫煙,https://suelog.jp/map?lat=34.7032179&lng=135.5025505,0,1,0,33
梅田 喫煙,https://suelog.jp/map?lat=34.7032989&lng=135.5042215,0,2,0,25.5
梅田 喫煙,https://suelog.jp/umeda,0,5,0,25.8
梅田 喫煙,https://suelog.jp/umeda/station/%E6%A2%85%E7%94%B0%E9%A7%85,0,3,0,38.666666666666664
梅田 喫煙 カフェ,https://suelog.jp/umeda/station/%E6%A2%85%E7%94%B0%E9%A7%85,0,4,0,32
梅田 喫煙 個室,https://suelog.jp/articles/umeda-private-room-smoking,0,10,0,8.6
梅田 喫煙 居酒屋,https://suelog.jp/articles/umeda-all-you-can-drink-smoking,0,1,0,65
梅田 喫煙 居酒屋,https://suelog.jp/articles/umeda-cheap-smoking-izakaya,0,1,0,17
梅田 喫煙 居酒屋,https://suelog.jp/articles/umeda-private-room-smoking,0,2,0,28.5
梅田 喫煙 居酒屋,https://suelog.jp/umeda/genre/izakaya,0,1,0,26
梅田 喫煙可,https://suelog.jp/umeda/station/%E6%A2%85%E7%94%B0%E9%A7%85,0,1,0,28
梅田 喫煙可 個室,https://suelog.jp/articles/umeda-all-you-can-drink-smoking,0,2,0,9
梅田 喫煙可 個室,https://suelog.jp/articles/umeda-private-room-smoking,0,8,0,9
梅田 喫煙可能 居酒屋,https://suelog.jp/articles/umeda-private-room-smoking,0,1,0,20
梅田 喫煙可能 居酒屋 安い,https://suelog.jp/articles/umeda-cheap-smoking-izakaya,0,1,0,7
梅田 喫煙所,https://suelog.jp/umeda,0,4,0,32
梅田 喫茶店 喫煙,https://suelog.jp/shops/3583,0,1,0,37
梅田 喫茶店 喫煙,https://suelog.jp/umeda/station/%E6%A2%85%E7%94%B0%E9%A7%85,0,1,0,33
梅田 喫茶店 喫煙可,https://suelog.jp/umeda/station/%E6%A2%85%E7%94%B0%E9%A7%85,0,1,0,33
梅田 坂上倶楽部,https://suelog.jp/shops/187,0,3,0,10
梅田 坂上家,https://suelog.jp/shops/2088,0,1,0,9
梅田 外国人 バー,https://suelog.jp/shops/2292,0,1,0,1
梅田 夢ごりら,https://suelog.jp/shops/609,0,4,0,8.75
梅田 大富豪 焼き鳥,https://suelog.jp/shops/40,0,1,0,10
梅田 宵,https://suelog.jp/shops/1955,0,12,0,8.25
梅田 居酒屋 喫煙,https://suelog.jp/articles/umeda-cheap-smoking-izakaya,0,1,0,26
梅田 居酒屋 喫煙 可,https://suelog.jp/articles/umeda-all-you-can-drink-smoking,0,3,0,41.666666666666664
梅田 居酒屋 喫煙 可,https://suelog.jp/articles/umeda-cheap-smoking-izakaya,0,1,0,14
梅田 居酒屋 喫煙 可,https://suelog.jp/articles/umeda-private-room-smoking,0,1,0,40
梅田 居酒屋 喫煙可,https://suelog.jp/articles/umeda-all-you-can-drink-smoking,0,11,0,39.63636363636363
梅田 居酒屋 喫煙可,https://suelog.jp/articles/umeda-cheap-smoking-izakaya,0,21,0,18.333333333333332
梅田 居酒屋 喫煙可,https://suelog.jp/articles/umeda-private-room-smoking,0,36,0,25.61111111111111
梅田 居酒屋 喫煙可,https://suelog.jp/umeda/genre/izakaya,0,6,0,23.833333333333332
梅田 居酒屋 喫煙可 安い,https://suelog.jp/articles/umeda-cheap-smoking-izakaya,0,3,0,6.333333333333333
梅田 居酒屋 喫煙可能,https://suelog.jp/articles/umeda-cheap-smoking-izakaya,0,1,0,17
梅田 晩杯屋,https://suelog.jp/shops/230,0,6,0,11.5
梅田 東通り スナック,https://suelog.jp/shops/351,0,1,0,10
梅田 水響,https://suelog.jp/shops/244,0,1,0,35
梅田 泡泡浴,https://suelog.jp/shops/35,0,4,0,22.75
梅田 焼肉,https://suelog.jp/shops/306,0,1,0,2
梅田 王将,https://suelog.jp/shops/2110,0,1,0,69
梅田 笠松,https://suelog.jp/shops/493,0,4,0,9.25
梅田 鉄板神社,https://suelog.jp/shops/469,0,5,0,10.2
梅田 韓デリ,https://suelog.jp/shops/3545,0,30,0,10.033333333333333
梅田 韓国料理 喫煙可,https://suelog.jp/shops/2261,0,11,0,10
梅田 食べ飲み放題 喫煙可,https://suelog.jp/articles/umeda-all-you-can-drink-smoking,0,4,0,9.75
梅田 飲み放題 喫煙可,https://suelog.jp/articles/umeda-all-you-can-drink-smoking,0,4,0,7.5
梅田mememe,https://suelog.jp/shops/228,0,4,0,10
梅田smバー,https://suelog.jp/shops/564,0,1,0,15
梅田えびすちゃん,https://suelog.jp/shops/1,0,1,0,24
梅田むにむに,https://suelog.jp/shops/522,0,2,0,11
梅田クリスタルビル バー,https://suelog.jp/shops/3679,0,3,0,9
梅田ゴールデン酒場,https://suelog.jp/shops/14,0,3,0,21
梅田サンボア,https://suelog.jp/shops/2173,0,2,0,39.5
梅田サンボア,https://suelog.jp/shops/242,0,1,0,31
梅田サンボア,https://suelog.jp/shops/3762,0,9,0,36.111111111111114
梅田スナック,https://suelog.jp/shops/503,0,1,0,1
梅田スナック,https://suelog.jp/shops/517,0,1,0,7
梅田スナック,https://suelog.jp/shops/556,0,1,0,10
梅田タバコ吸える場所,https://suelog.jp/umeda/station/%E6%A2%85%E7%94%B0%E9%A7%85,0,2,0,13
梅田メゾンプラス,https://suelog.jp/shops/3374,0,1,0,9
梅田ラフテル,https://suelog.jp/shops/2168,0,30,0,7.566666666666666
梅田リリス,https://suelog.jp/shops/3364,0,1,0,10
梅田リンクス 喫煙所,https://suelog.jp/shops/269,0,6,0,11.833333333333334
梅田リンクス 喫煙所,https://suelog.jp/shops/270,0,7,0,10
梅田喫煙可能カフェ,https://suelog.jp/umeda/station/%E6%A2%85%E7%94%B0%E9%A7%85,0,1,0,26
梅田喫煙可能喫茶店,https://suelog.jp/umeda/station/%E6%A2%85%E7%94%B0%E9%A7%85,0,1,0,31
梅田喫煙所,https://suelog.jp/umeda,0,2,0,27
梅田喫煙所,https://suelog.jp/umeda/smoking/separated?open_now=1,0,1,0,21
梅田喫煙所,https://suelog.jp/umeda/station/%E6%A2%85%E7%94%B0%E9%A7%85,0,1,0,35
梅田喫煙所マップ,https://suelog.jp/umeda/station/%E6%A2%85%E7%94%B0%E9%A7%85,0,1,0,27
梅田大富豪,https://suelog.jp/shops/216,0,1,0,10
梅田大衆酒場ｈ,https://suelog.jp/shops/2,0,2,0,12
梅田居酒屋喫煙可,https://suelog.jp/umeda/genre/izakaya,0,1,0,19
梅田東通うまかもん,https://suelog.jp/shops/3673,0,1,0,9
梅田東通うまかもん 梅田東通店,https://suelog.jp/shops/3673,0,78,0,10.166666666666666
梅田東通うまかもん 梅田東通店 レビュー,https://suelog.jp/shops/3673,0,7,0,9.571428571428571
梅田泡,https://suelog.jp/shops/35,0,1,0,24
梅田熱狂酒房,https://suelog.jp/shops/2899,0,1,0,11
梅田白煙,https://suelog.jp/shops/4207,0,1,0,40
梅田茶屋町北応援団 大分からあげと鉄板焼 勝男,https://suelog.jp/shops/2793,0,4,0,25.5
梅田茶屋町北応援団 大分からあげと鉄板焼 勝男,https://suelog.jp/shops/3751,0,4,0,34.75
梅田茶屋町応援団 大分からあげと鉄板焼 勝男,https://suelog.jp/shops/195,0,3,0,34.333333333333336
梅田茶屋町応援団 大分からあげと鉄板焼 勝男,https://suelog.jp/shops/2793,0,2,0,25.5
梅田茶屋町応援団 大分からあげと鉄板焼 勝男,https://suelog.jp/shops/3751,0,7,0,38.142857142857146
梅田駅 タバコ吸える 居酒屋,https://suelog.jp/articles/umeda-all-you-can-drink-smoking,0,1,0,42
梅田駅 タバコ吸える 居酒屋,https://suelog.jp/articles/umeda-cheap-smoking-izakaya,0,14,0,18.785714285714285
梅田駅 タバコ吸える 居酒屋,https://suelog.jp/articles/umeda-private-room-smoking,0,23,0,24.869565217391305
梅田駅 喫煙所,https://suelog.jp/umeda,0,2,0,21
梅田駅 喫煙所,https://suelog.jp/umeda/smoking/separated?open_now=1,0,3,0,11.333333333333334
梅田駅 喫煙所,https://suelog.jp/umeda/station/%E6%A2%85%E7%94%B0%E9%A7%85,0,2,0,26.5
梅田駅 居酒屋 喫煙可,https://suelog.jp/articles/umeda-all-you-can-drink-smoking,0,25,0,34.36
梅田駅 居酒屋 喫煙可,https://suelog.jp/articles/umeda-cheap-smoking-izakaya,0,3,0,14
梅田駅 居酒屋 喫煙可,https://suelog.jp/articles/umeda-private-room-smoking,0,28,0,18.642857142857142
梅田駅 居酒屋 喫煙可,https://suelog.jp/umeda/genre/izakaya,0,11,0,20.363636363636363
梅田駅周辺 喫煙所,https://suelog.jp/umeda,0,1,0,31
楽都 堂山,https://suelog.jp/shops/1932,0,3,0,9
楽都 大阪,https://suelog.jp/shops/1932,0,2,0,7.5
横浜珈琲 天神橋3丁目店 メニュー,https://suelog.jp/shops/2112,0,7,0,12.142857142857142
欧風肉料理 バル カフェ トレッチェ,https://suelog.jp/shops/3484,0,1,0,5
比嘉くん,https://suelog.jp/shops/3999,0,1,0,38
水響 梅田,https://suelog.jp/shops/244,0,1,0,22
水響 梅田,https://suelog.jp/shops/3327,0,1,0,45
江南一品,https://suelog.jp/shops/1793,0,11,0,11.636363636363637
河家,https://suelog.jp/shops/1666,0,4,0,9.5
泰三屋,https://suelog.jp/shops/2025,0,3,0,8.333333333333332
洋食酒場満天屋本店,https://suelog.jp/shops/4193,0,3,0,43.666666666666664
浜焼き酒場磯の香り,https://suelog.jp/shops/41,0,5,0,9.8
海幸丸百番,https://suelog.jp/shops/1951,0,6,0,21
海源丸 難波,https://suelog.jp/shops/1584,0,4,0,7.25
海鮮 肉 鉄板 バル okiumiya,https://suelog.jp/shops/3755,0,2,0,23.5
海鮮×肉×鉄板バル okiumiya,https://suelog.jp/shops/3755,0,94,0,25.861702127659573
海鮮串焼き専門店 まつりや,https://suelog.jp/shops/3280,0,3,0,16.333333333333336
海鮮居酒屋 海幸丸 百番 梅田茶屋町店,https://suelog.jp/shops/1951,0,27,0,9.11111111111111
淀屋橋 じゅう じろう,https://suelog.jp/shops/3512,0,4,0,21
淀屋橋 ランチ 女子,https://suelog.jp/shops/246,0,1,0,21
淀屋橋 ランチ 定食,https://suelog.jp/shops/246,0,1,0,42
淀屋橋 喫煙可 居酒屋,https://suelog.jp/shops/246,0,1,0,2
淀屋橋 居酒屋,https://suelog.jp/shops/246,0,1,0,1
淀屋橋 韓国料理,https://suelog.jp/shops/3545,0,1,0,33
淀屋橋じゅうじろう,https://suelog.jp/shops/3512,0,6,0,21.833333333333332
深夜焼肉 いちのいち,https://suelog.jp/shops/598,0,5,0,10.4
深夜焼肉いちのいち,https://suelog.jp/shops/598,0,27,0,10.851851851851851
満マル 梅田,https://suelog.jp/shops/2108,0,3,0,11.333333333333334
満喫 喫煙可能,https://suelog.jp/shops/3080,0,1,0,7
満願亭 梅田,https://suelog.jp/shops/684,0,4,0,8.25
源ちゃん 梅田,https://suelog.jp/shops/100,0,2,0,12
激安居酒屋ワイルドヤ,https://suelog.jp/shops/4160,0,1,0,23
激安居酒屋ワイルドヤ 写真,https://suelog.jp/shops/4160,0,2,0,12
炉端とホルモンと串焼きとおでん とっとっと 梅田お初天神店,https://suelog.jp/shops/3757,0,9,0,26.22222222222222
炉端・焼鳥・海鮮 『七囲炉 』,https://suelog.jp/shops/1906,0,3,0,8.333333333333332
炉端・焼鳥・海鮮『七囲炉』,https://suelog.jp/shops/1906,0,2,0,9
炉端・焼鳥・海鮮『七囲炉』 レビュー,https://suelog.jp/shops/1906,0,1,0,16
炉端焼き酒場 中々 肥後橋店,https://suelog.jp/shops/3429,0,3,0,8.333333333333332
炉端焼鳥海鮮 七囲炉,https://suelog.jp/shops/1906,0,4,0,16
炊き餃子川添,https://suelog.jp/shops/3775,0,1,0,10
炭小町,https://suelog.jp/shops/1509,0,10,0,8.9
炭屋 へべれけ,https://suelog.jp/shops/249,0,11,0,12.090909090909092
炭屋へべれけ,https://suelog.jp/shops/249,0,5,0,10.6
炭火と酒とげんげん,https://suelog.jp/shops/248,0,65,0,9.046153846153846
炭火やきとり愛之助 道頓堀店,https://suelog.jp/shops/1499,0,9,0,8.88888888888889
炭火串焼 らいず,https://suelog.jp/shops/3948,0,3,0,35
炭火串焼 らいず 天満店,https://suelog.jp/shops/3948,0,4,0,28.25
炭火串焼らいず 南森町店,https://suelog.jp/shops/183,0,11,0,20.272727272727273
炭火串焼らいず南森町店,https://suelog.jp/shops/183,0,8,0,20.5
炭火焼き 煙 本店,https://suelog.jp/shops/2185,0,123,0,8.959349593495935
炭火焼き 煙 本店 レビュー,https://suelog.jp/shops/2185,0,4,0,11.75
炭火焼き 煙 本店 写真,https://suelog.jp/shops/2185,0,15,0,9.066666666666666
炭火焼き煙 梅田,https://suelog.jp/shops/2185,0,1,0,19
炭火焼肉 ホルモン モツの関ちゃん,https://suelog.jp/shops/604,0,8,0,18.625
炭火焼肉 艸,https://suelog.jp/shops/4078,0,1,0,19
炭火焼肉しんちゃん 梅田堂山店,https://suelog.jp/shops/252,0,1,0,45
炭火焼肉そう,https://suelog.jp/shops/4078,0,1,0,10
炭火焼肉リバティ,https://suelog.jp/shops/596,0,1,0,15
炭火焼肉リバティ 北新地店,https://suelog.jp/shops/596,0,8,0,23.5
炭火焼肉・ホルモン モツの関ちゃん レビュー,https://suelog.jp/shops/604,0,1,0,20
炭火焼鳥 あさヰ 中崎町,https://suelog.jp/shops/389/shop_reports/new,0,2,0,10.5
炭火焼鳥 あさヰ 中崎町 レビュー,https://suelog.jp/shops/389,0,21,0,7.142857142857143
炭火焼鳥 とこ葉 なんば店,https://suelog.jp/shops/1688,0,6,0,25.5
炭火焼鳥 壱庵,https://suelog.jp/shops/3008,0,4,0,9.5
炭火焼鳥 瑞,https://suelog.jp/shops/256,0,1,0,33
炭火焼鳥 瑞炎 梅田茶屋町店,https://suelog.jp/shops/256,0,1,0,16
炭火焼鳥 鶏co,https://suelog.jp/shops/1712,0,20,0,9.95
炭火焼鳥 鶏co レビュー,https://suelog.jp/shops/1712,0,4,0,10.5
炭火焼鳥 鶏えん,https://suelog.jp/shops/2055,0,16,0,17.8125
炭火焼鳥 鶏えん,https://suelog.jp/shops/3765,0,4,0,28.5
炭火焼鳥 鶏えん 大阪駅前第3ビル店,https://suelog.jp/shops/2055,0,1,0,19
炭火焼鳥鶏co,https://suelog.jp/shops/1712,0,9,0,9.444444444444445
炭焼toki,https://suelog.jp/shops/53,0,1,0,8
炭焼き bar 心,https://suelog.jp/shops/1987,0,1,0,32
炭焼きbar 心 cocoro 梅田本店,https://suelog.jp/shops/1987,0,3,0,28
炭焼と釜めし 源ちゃん,https://suelog.jp/shops/100,0,4,0,13.5
炭焼屋勝商店,https://suelog.jp/shops/2972,0,9,0,23.555555555555557
炭焼笑店 陽 お初天神 裏参道,https://suelog.jp/shops/2199,0,3,0,22
炭焼笑店 陽 お初天神裏参道,https://suelog.jp/shops/2199,0,1,0,23
炭達磨 梅田,https://suelog.jp/shops/387,0,3,0,10.333333333333334
焼きしゃぶ 焼肉 笠松,https://suelog.jp/shops/493,0,8,0,8.5
焼き鳥 あさい,https://suelog.jp/shops/389,0,1,0,8
焼き鳥 かわぐち 心斎橋,https://suelog.jp/shops/1107,0,2,0,29.5
焼き鳥 すがた,https://suelog.jp/shops/3666,0,4,0,9.25
焼き鳥 佐藤 野田,https://suelog.jp/shops/79,0,4,0,6.75
焼き鳥 備長炭と宮崎地鶏専門 tora鶏ya 梅田店,https://suelog.jp/shops/3759,0,5,0,45.4
焼き鳥 大富豪,https://suelog.jp/shops/40,0,1,0,10
焼き鳥 弘八,https://suelog.jp/shops/1953,0,2,0,10.5
焼き鳥 炭焼地鶏 近江 梅田東通り店,https://suelog.jp/shops/1957,0,3,0,17
焼き鳥 瓦,https://suelog.jp/shops/3278,0,11,0,10
焼き鳥 瓦 梅田,https://suelog.jp/shops/3278,0,15,0,7
焼き鳥あさい,https://suelog.jp/shops/389,0,1,0,7
焼き鳥すがた,https://suelog.jp/shops/3666,0,2,0,10
焼き鳥とおつまみ 佐藤,https://suelog.jp/shops/79,0,13,0,21.76923076923077
焼き鳥とおつまみ 佐藤 野田本店,https://suelog.jp/shops/79,0,155,0,7.832258064516129
焼き鳥とおつまみ 佐藤 野田本店 クチコミ,https://suelog.jp/shops/79,0,78,0,9.333333333333334
焼き鳥とおつまみ 佐藤 野田本店 レビュー,https://suelog.jp/shops/79,0,28,0,10.178571428571429
焼き鳥とおつまみ 佐藤 野田本店 写真,https://suelog.jp/shops/79,0,14,0,8
焼き鳥シャバーノ,https://suelog.jp/shops/1687,0,32,0,9.53125
焼き鳥大富豪,https://suelog.jp/shops/40,0,2,0,11.5
焼き鳥瓦,https://suelog.jp/shops/3278,0,10,0,9.3
焼き鳥瓦 梅田,https://suelog.jp/shops/3278,0,16,0,7.125
焼庵,https://suelog.jp/shops/1545,0,1,0,10
焼庵 なんば,https://suelog.jp/shops/1545,0,1,0,10
焼肉 ここから 天神橋店,https://suelog.jp/shops/416,0,3,0,28.666666666666668
焼肉 たまき,https://suelog.jp/shops/4080,0,1,0,47
焼肉 はぐれ雲 なんば店,https://suelog.jp/shops/1561,0,4,0,27.75
焼肉 タンとハラミ 梅田店,https://suelog.jp/shops/11,0,5,0,29.2
焼肉 タンとハラミ。 梅田ハナレ店,https://suelog.jp/shops/496,0,3,0,10
焼肉 タンとハラミ。 梅田ハナレ店 レビュー,https://suelog.jp/shops/496,0,3,0,13.666666666666666
焼肉 タンとハラミ。 梅田店,https://suelog.jp/shops/11,0,1,0,24
焼肉 トラジ 梅田,https://suelog.jp/shops/293,0,1,0,20
焼肉 ピポロ,https://suelog.jp/shops/680,0,6,0,10
焼肉 ヘッド,https://suelog.jp/shops/21,0,1,0,11
焼肉 ヘッド 本店,https://suelog.jp/shops/21,0,6,0,10.5
焼肉 力丸 梅田 東通り店,https://suelog.jp/shops/331,0,3,0,20.333333333333332
焼肉 力丸 梅田東通り店,https://suelog.jp/shops/331,0,1,0,18
焼肉 又来家,https://suelog.jp/shops/1664,0,6,0,31.5
焼肉 大伍 梅田 北新地店,https://suelog.jp/shops/594,0,11,0,8.818181818181818
焼肉 笠松,https://suelog.jp/shops/493,0,16,0,9.625
焼肉 虎龍 浪漫亭,https://suelog.jp/shops/589,0,15,0,9.533333333333333
焼肉 虎龍 浪漫亭 写真,https://suelog.jp/shops/589,0,4,0,10.25
焼肉 難波,https://suelog.jp/shops/1766,0,1,0,8
焼肉くるみ 難波店,https://suelog.jp/shops/1663,0,1,0,49
焼肉ここから 喫煙,https://suelog.jp/shops/416/shop_edit_requests/new,0,1,0,9
焼肉ここから 喫煙,https://suelog.jp/shops/416/shop_reports/new,0,1,0,13
焼肉ここから天神橋店,https://suelog.jp/shops/416,0,1,0,30
焼肉そう,https://suelog.jp/shops/4078,0,4,0,10
焼肉たまき,https://suelog.jp/shops/4080,0,2,0,45
焼肉の殿堂,https://suelog.jp/shops/292,0,4,0,36.5
焼肉の殿堂 キヨミズホール,https://suelog.jp/shops/292,0,1,0,28
焼肉もじもじ,https://suelog.jp/shops/737,0,2,0,10
焼肉タンとハラミ 梅田 中通り店,https://suelog.jp/shops/333,0,5,0,22.4
焼肉ピポロ,https://suelog.jp/shops/680,0,4,0,9.75
焼肉ヘッド,https://suelog.jp/shops/21,0,7,0,10.285714285714286
焼肉ヘッド本店,https://suelog.jp/shops/21,0,21,0,10.142857142857142
焼肉ホルモン肉五郎 横丁店,https://suelog.jp/shops/415,0,7,0,21.428571428571427
焼肉大伍,https://suelog.jp/shops/594,0,1,0,11
焼肉屋 もじもじ 大阪市,https://suelog.jp/shops/737,0,13,0,9.076923076923077
焼肉笠松,https://suelog.jp/shops/493,0,14,0,8.928571428571429
焼肉笠松 梅田,https://suelog.jp/shops/493,0,3,0,8.666666666666668
焼肉虎龍 浪漫亭,https://suelog.jp/shops/589,0,8,0,9.25
焼肉３９ゴリラ,https://suelog.jp/shops/1769,0,1,0,12
焼肉３９ゴリラ 写真,https://suelog.jp/shops/1769,0,2,0,10
焼酎barニチヨウビ,https://suelog.jp/shops/1717,0,3,0,7.333333333333333
焼鳥 uraban,https://suelog.jp/shops/3430,0,6,0,24.333333333333332
焼鳥 鐘鳥 南森町店 メニュー,https://suelog.jp/shops/104,0,1,0,9
焼鳥と小皿 宵,https://suelog.jp/shops/1955,0,1,0,9
焼鳥と小皿 宵 yoi,https://suelog.jp/shops/1955,0,43,0,8.372093023255815
焼鳥と巻き串 鳥々々,https://suelog.jp/shops/2087,0,7,0,19.428571428571427
焼鳥と巻き焼き串 鳥々々,https://suelog.jp/shops/2087,0,1,0,20
焼鳥と巻き焼き串 鳥々々 メニュー,https://suelog.jp/shops/2087,0,1,0,18
焼鶏屋,https://suelog.jp/shops/2972,0,1,0,30
焼鶏屋 勝商店,https://suelog.jp/shops/2972,0,4,0,7.5
燒肉之殿堂梅田,https://suelog.jp/shops/292,0,39,0,14.666666666666666
燦別邸 北新地,https://suelog.jp/shops/92,0,1,0,11
燦別邸 北新地店,https://suelog.jp/shops/92,0,2,0,27
牛次郎 お初天神,https://suelog.jp/shops/495,0,1,0,28
牛次郎 お初天神店,https://suelog.jp/shops/495,0,5,0,24.2
牛次郎 梅田,https://suelog.jp/shops/495,0,2,0,23.5
牛次郎 福島,https://suelog.jp/shops/588,0,1,0,30
牛次郎 福島駅前店,https://suelog.jp/shops/588,0,3,0,28.333333333333332
独酌 虎徹,https://suelog.jp/shops/1670,0,70,0,6.428571428571429
独酌 虎徹 レビュー,https://suelog.jp/shops/1670,0,6,0,9.833333333333334
独酌 虎徹 写真,https://suelog.jp/shops/1670,0,8,0,7.375
独酌虎徹,https://suelog.jp/shops/1670,0,20,0,6.7
猫喜,https://suelog.jp/shops/4096,0,2,0,7
珈琲&bar alive,https://suelog.jp/shops/748,0,2,0,29
珈琲専門店 mac,https://suelog.jp/shops/2288,0,1,0,16
珈琲館 喫煙,https://suelog.jp/shops/2269,0,1,0,1
珈琲館 喫煙席,https://suelog.jp/shops/2269,0,1,0,11
珈琲館喫煙,https://suelog.jp/shops/2269,0,2,0,9
珍三,https://suelog.jp/shops/78,0,2,0,30.5
珍三カルビ 南森店,https://suelog.jp/shops/78,0,9,0,24
珍三カルビ 天満本店,https://suelog.jp/shops/78,0,1,0,41
瓦 焼き鳥,https://suelog.jp/shops/3278,0,1,0,10
産直市場 西国いちばんや,https://suelog.jp/shops/258,0,11,0,20.272727272727273
甲元 梅田,https://suelog.jp/shops/567,0,9,0,7.222222222222222
町中華パンダ厨房,https://suelog.jp/shops/2089/shop_reports/new,0,1,0,45
白煙 梅田,https://suelog.jp/shops/4207,0,1,0,10
白羽鳥,https://suelog.jp/shops/62,0,1,0,9
皆様酒場 昭和ゴールデン 大阪駅前第4ビル店,https://suelog.jp/shops/14,0,5,0,9.6
皆様酒場 昭和ゴールデン 大阪駅前第4ビル店 写真,https://suelog.jp/shops/14,0,2,0,11.5
相席ラウンジ the single うめだ阪急東通り店,https://suelog.jp/articles/the-single-umeda-smoking-room,0,5,0,8.2
相席ラウンジ the single うめだ阪急東通り店 レビュー,https://suelog.jp/articles/the-single-umeda-smoking-room,0,47,0,7.085106382978723
相席ラウンジ the single うめだ阪急東通り店 写真,https://suelog.jp/articles/the-single-umeda-smoking-room,0,4,0,8.25
相席屋 シングル 梅田,https://suelog.jp/shops/1925,0,1,0,10
相席屋 東通り,https://suelog.jp/shops/1925,0,24,0,15.875
相席屋 阪急東通り店,https://suelog.jp/shops/1925,0,10,0,11.2
砦 とりで 梅田店,https://suelog.jp/shops/3297,0,7,0,20.428571428571427
碗 西天満,https://suelog.jp/shops/3256,0,1,0,8
福島 dada,https://suelog.jp/shops/3304,0,1,0,26
福島 スナック,https://suelog.jp/shops/715,0,1,0,1
福島 バー,https://suelog.jp/shops/582,0,1,0,1
福島 ワイン,https://suelog.jp/shops/3081,0,1,0,4
福島 林檎と,https://suelog.jp/shops/582,0,4,0,6.75
福島駅 スナック おすすめ,https://suelog.jp/shops/715,0,1,0,1
福島駅 喫煙可能 喫茶店,https://suelog.jp/shops/3313,0,1,0,1
空心町 大阪,https://suelog.jp/shops/185,0,1,0,14
空心町ハナサカ,https://suelog.jp/shops/185,0,14,0,10.642857142857142
立ち呑みにと,https://suelog.jp/shops/1673,0,6,0,8
立ち飲み 初音,https://suelog.jp/shops/17,0,16,0,6.1875
立ち飲み 初音 レビュー,https://suelog.jp/shops/17,0,9,0,10.222222222222221
立ち飲みやっすん,https://suelog.jp/shops/1669,0,4,0,6
立ち飲みパーラー西澤商店,https://suelog.jp/shops/38,0,27,0,5.111111111111111
立呑み処七津屋大阪駅前第４ビル店,https://suelog.jp/shops/231,0,5,0,30.2
立呑み晩杯屋 大阪駅前第四ビル 北区 １１,https://suelog.jp/shops/230,0,16,0,7.5
立呑パーラー 西澤商店 大阪市,https://suelog.jp/shops/235,0,6,0,7.833333333333333
立呑パーラー 西澤商店 大阪市,https://suelog.jp/shops/38,0,11,0,5.454545454545454
立呑パーラー 西澤商店 大阪市,https://suelog.jp/shops/610,0,8,0,5.125
立呑パーラー 西澤商店 大阪市 メニュー,https://suelog.jp/shops/38,0,13,0,5.230769230769231
立呑パーラー 西澤商店 大阪市 レビュー,https://suelog.jp/shops/38,0,4,0,5.5
笠松 梅田,https://suelog.jp/shops/493,0,9,0,8.88888888888889
笠松 焼肉,https://suelog.jp/shops/493,0,1,0,10
第3ビル 焼き鳥,https://suelog.jp/shops/2055,0,1,0,18
第4ビル 喫煙所,https://suelog.jp/shops/230,0,1,0,11
第二ビル 勝男,https://suelog.jp/shops/3751,0,2,0,35.5
第二ビル 大富豪,https://suelog.jp/shops/40,0,1,0,7
第四ビル 喫煙所,https://suelog.jp/shops/230,0,1,0,12
筋肉酒場シックスパック梅田,https://suelog.jp/shops/3033,0,4,0,4.5
精肉卸問屋直営焼肉店 牛次郎 お初天神店,https://suelog.jp/shops/495,0,4,0,11.5
純米酒と葡萄酒 vin-vino,https://suelog.jp/shops/3194,0,8,0,13.125
紙タバコ吸えるカフェ,https://suelog.jp/articles/umeda-seat-smoking-kissaten-10,0,1,0,6
紙巻き,https://suelog.jp/shops/3608,0,1,0,6
総合居酒屋 北新地 こまつ,https://suelog.jp/shops/94,0,2,0,9
総合居酒屋 北新地こまつ,https://suelog.jp/shops/94,0,8,0,8.125
美食遊膳 あまの家,https://suelog.jp/shops/388,0,2,0,15
美魔女と野獣,https://suelog.jp/shops/440,0,10,0,9.6
美魔女と野獣 天満,https://suelog.jp/shops/440,0,20,0,7.55
美魔女と野獣 天満,https://suelog.jp/shops/440/shop_reports/new,0,4,0,10
美魔女スナック,https://suelog.jp/shops/440,0,2,0,8
老松 ひらやま,https://suelog.jp/shops/3703,0,5,0,10.2
老松ひらやま,https://suelog.jp/shops/3703,0,58,0,9.827586206896552
老松町 rabbit,https://suelog.jp/shops/3228,0,1,0,30
老松町 ラビット,https://suelog.jp/shops/3228,0,1,0,19
老松町ひらやま,https://suelog.jp/shops/3703,0,1,0,11
肉と米 焼肉えびす 梅田店,https://suelog.jp/shops/425,0,5,0,29.4
肉バル gam 梅田お初天神店,https://suelog.jp/shops/2198,0,10,0,27.8
肉バル ゴリゴリミートルーム梅田店,https://suelog.jp/shops/2903,0,4,0,18.5
肉バルgam 梅田お初天神店,https://suelog.jp/shops/2198,0,1,0,23
肉バルｇａｍ 梅田お初天神,https://suelog.jp/shops/2198,0,7,0,26.142857142857142
肉バルｇａｍ 梅田お初天神 結婚式,https://suelog.jp/shops/2198,0,1,0,50
肉五郎 梅田,https://suelog.jp/shops/415,0,16,0,8.3125
肉五郎 横丁店 レビュー,https://suelog.jp/shops/415,0,1,0,16
肉匠 さくら,https://suelog.jp/shops/171,0,4,0,31.25
肥後橋 ディナー,https://suelog.jp/shops/3490,0,1,0,2
肥後橋 バー,https://suelog.jp/shops/1599,0,1,0,1
肥後橋 バー,https://suelog.jp/shops/3433,0,1,0,1
肥後橋 ランチ,https://suelog.jp/shops/3490,0,2,0,1
肥後橋 日本酒,https://suelog.jp/shops/3490,0,1,0,1
肥後橋 立ち飲み,https://suelog.jp/shops/3729,0,1,0,1
肥後橋ランチ,https://suelog.jp/shops/3490,0,1,0,1
肥後橋ランチおすすめ,https://suelog.jp/shops/3490,0,1,0,1
肴喰人,https://suelog.jp/shops/210,0,36,0,8.194444444444445
胃鳴,https://suelog.jp/shops/2694,0,2,0,12
胃鳴 大阪,https://suelog.jp/shops/2694,0,4,0,11
自 遊 空間 大阪,https://suelog.jp/shops/717,0,1,0,53
自由空間,https://suelog.jp/shops/717,0,1,0,1
自遊空間 大阪,https://suelog.jp/shops/717,0,1,0,1
若どり屋 天満,https://suelog.jp/shops/2026,0,1,0,17
若竹,https://suelog.jp/shops/206,0,3,0,1
英国屋 喫煙,https://suelog.jp/shops/1773,0,1,0,2
英國屋 なんば,https://suelog.jp/shops/1773,0,4,0,38.75
英國屋 タバコ,https://suelog.jp/shops/4223,0,2,0,12
英國屋 喫煙,https://suelog.jp/shops/1773,0,11,0,7.2727272727272725
英國屋 喫煙,https://suelog.jp/shops/4223,0,3,0,12
茜屋珈琲店 大阪店,https://suelog.jp/shops/3044,0,7,0,9.571428571428571
茜屋珈琲店 梅田,https://suelog.jp/shops/3044,0,25,0,9.76
茶屋町 喫煙可能 居酒屋,https://suelog.jp/shops/256,0,4,0,10.25
茶屋町 居酒屋 喫煙可,https://suelog.jp/shops/256,0,9,0,9.444444444444445
華の閣 はなのかく,https://suelog.jp/shops/1528,0,8,0,37
萬願亭,https://suelog.jp/shops/684,0,5,0,23
葉葉 天満,https://suelog.jp/shops/3945,0,2,0,8.5
虎徹 なんば,https://suelog.jp/shops/1670,0,2,0,14.5
虎徹 難波,https://suelog.jp/shops/1670,0,17,0,6.0588235294117645
蛍屋,https://suelog.jp/shops/263,0,4,0,9.75
蛍屋 梅田,https://suelog.jp/shops/263,0,12,0,8.25
蟻 大阪市,https://suelog.jp/shops/1676,0,8,0,9.75
蟻 大阪市 レビュー,https://suelog.jp/shops/1676,0,1,0,9
蟻 難波,https://suelog.jp/shops/1676,0,2,0,8
西天満 ハンバーグ,https://suelog.jp/shops/3609,0,6,0,16.166666666666664
西天満 ハンバーグ full,https://suelog.jp/shops/3609,0,2,0,9.5
西天満 碗,https://suelog.jp/shops/3256,0,3,0,9
西天満ハンバーグfull,https://suelog.jp/shops/3609,0,3,0,14.666666666666666
西成 かどや,https://suelog.jp/shops/2633,0,2,0,10.5
西梅田 ネカフェ,https://suelog.jp/shops/3080,0,3,0,23.333333333333332
西梅田 喫煙 カフェ,https://suelog.jp/shops/3583,0,1,0,36
西梅田 漫画喫茶,https://suelog.jp/shops/3080,0,4,0,21.5
西梅田駅 喫煙所,https://suelog.jp/umeda/smoking/separated?open_now=1,0,1,0,9
西澤商店,https://suelog.jp/shops/235,0,1,0,1
西澤商店,https://suelog.jp/shops/38,0,2,0,5
西澤商店,https://suelog.jp/shops/610,0,1,0,5
西澤商店 梅田,https://suelog.jp/shops/235,0,4,0,9.5
西澤商店 梅田,https://suelog.jp/shops/38,0,17,0,4.411764705882353
西澤商店 梅田,https://suelog.jp/shops/610,0,14,0,5.5
西澤商店 駅ビル,https://suelog.jp/shops/38,0,1,0,17
象 sugata,https://suelog.jp/shops/3666,0,2,0,7.5
象sugata,https://suelog.jp/shops/3666,0,1,0,10
赤垣屋 天王寺,https://suelog.jp/shops/2617,0,5,0,29
赤垣屋 天王寺ミオ店 レビュー,https://suelog.jp/shops/2617,0,1,0,11
赤垣屋天王寺,https://suelog.jp/shops/2617,0,1,0,26
路地裏ビストロ816,https://suelog.jp/shops/2783,0,4,0,22.25
路地裏ビストロ816 レビュー,https://suelog.jp/shops/2783,0,2,0,10
路地裏焼肉 マックスザホルモン 梅田店,https://suelog.jp/shops/332,0,6,0,16.166666666666664
近く 喫茶店,https://suelog.jp/shops/2739,0,1,0,1
近く 居酒屋 一人飲み,https://suelog.jp/shops/34,0,1,0,8
近くのカフェ 現在地,https://suelog.jp/shops/1886,0,1,0,1
近くのガールズバー,https://suelog.jp/shops/4196,0,1,0,1
近くのジーノ,https://suelog.jp/shops/2814,0,1,0,8
近くのジーノ,https://suelog.jp/shops/546,0,1,0,8
近くのスナック,https://suelog.jp/shops/501,0,1,0,1
近くのバー,https://suelog.jp/shops/3045,0,1,0,4
近くのバー,https://suelog.jp/shops/405,0,1,0,1
近くの居酒屋,https://suelog.jp/shops/1504,0,1,0,1
近くの居酒屋,https://suelog.jp/shops/206,0,1,0,35
近江 梅田東通り店,https://suelog.jp/shops/1957,0,5,0,16
近鉄難波 喫煙所,https://suelog.jp/namba,0,1,0,22
近鉄難波駅 喫煙所,https://suelog.jp/namba,0,1,0,16
道頓堀 ファンク,https://suelog.jp/shops/1466,0,4,0,11
道頓堀 喫煙可,https://suelog.jp/shops/1537,0,1,0,26
道頓堀funk,https://suelog.jp/shops/1466,0,4,0,11.5
道頓堀ファンク,https://suelog.jp/shops/1466,0,5,0,9
遖,https://suelog.jp/shops/1323,0,1,0,3
遥華 第3ビル,https://suelog.jp/shops/2189,0,4,0,34
酒処kadoya,https://suelog.jp/shops/2633,0,3,0,9.333333333333334
酒処麺処 きのした,https://suelog.jp/shops/174,0,12,0,17.25
酒処麺処きのした,https://suelog.jp/shops/174,0,11,0,8.545454545454547
酒処麺処きのした レビュー,https://suelog.jp/shops/174,0,2,0,10.5
酒処麺処きのした 写真,https://suelog.jp/shops/174,0,5,0,11
酒場 鳥すけ,https://suelog.jp/shops/617,0,12,0,8.75
酒場おちょぼ どて焼き,https://suelog.jp/shops/2179,0,8,0,4.625
酒場おちょぼ レビュー,https://suelog.jp/shops/2179,0,2,0,10.5
酒庫 梅田,https://suelog.jp/shops/487,0,24,0,9.5
酒肆 黒崎,https://suelog.jp/shops/2008/shop_reports/new,0,1,0,17
酒解本店 予約,https://suelog.jp/shops/1665,0,7,0,9
酔いどれ酒場 だぶるばい,https://suelog.jp/shops/1721,0,7,0,17.285714285714285
野田 佐藤 焼き鳥,https://suelog.jp/shops/79,0,4,0,8.25
野田焼き鳥,https://suelog.jp/shops/79,0,1,0,1
釜飯と海鮮の店 ジャポニカサード,https://suelog.jp/shops/1908,0,3,0,27.333333333333332
鉄板jumbo 焼鳥&餃子 すみれ鳥,https://suelog.jp/shops/1790,0,11,0,18.181818181818183
鉄板jumbo 焼鳥&餃子 すみれ鳥,https://suelog.jp/shops/1790/shop_reports/new,0,7,0,36.42857142857143
鉄板串酒場 しん家,https://suelog.jp/shops/618,0,6,0,20.5
鉄板串酒場しん家,https://suelog.jp/shops/618,0,3,0,17.666666666666668
鉄板神社 バルチカ03店,https://suelog.jp/shops/469,0,5,0,9.6
鉄板神社 喫煙,https://suelog.jp/shops/1614,0,6,0,11
鉄板神社 喫煙,https://suelog.jp/shops/469,0,14,0,8.714285714285715
鉄板神社 喫煙,https://suelog.jp/shops/469/shop_edit_requests/new,0,1,0,45
鉄板神社 喫煙,https://suelog.jp/shops/469/shop_reports/new,0,1,0,42
鉄板神社 大阪梅田バルチカ03店,https://suelog.jp/shops/469,0,4,0,8.25
鉄板神社 梅田,https://suelog.jp/shops/469,0,37,0,8.702702702702702
鉄板神社 梅田バルチカ,https://suelog.jp/shops/469,0,2,0,8
鉄板神社大阪梅田バルチカ03 大阪市,https://suelog.jp/shops/469,0,47,0,9.148936170212766
鉄板神社梅田,https://suelog.jp/shops/469,0,3,0,9.333333333333334
鉄板酒場 魂虎,https://suelog.jp/shops/1700,0,1,0,10
鉄板酒場魂虎,https://suelog.jp/shops/1700,0,8,0,14.75
鉄板酒場魂虎,https://suelog.jp/shops/1700/shop_edit_requests/new,0,1,0,43
鉄板食房かぶんす,https://suelog.jp/shops/172,0,11,0,7.818181818181818
鉄板食房かぶんす,https://suelog.jp/shops/172/shop_edit_requests/new,0,5,0,34.6
鐘鳥 南森町,https://suelog.jp/shops/104,0,89,0,7.52808988764045
鐘鳥 南森町店 大阪府大阪市北区天神橋２丁目北１ 大阪府 大阪市北区 天神橋 2-北1-12 アピオ天神橋 2 osaka,https://suelog.jp/shops/104,0,22,0,7.363636363636363
関ちゃん,https://suelog.jp/shops/604,0,7,0,25
阪急 梅田駅 喫煙所,https://suelog.jp/umeda/station/%E6%A2%85%E7%94%B0%E9%A7%85,0,1,0,42
阪急3番街 喫煙所,https://suelog.jp/shops/1963,0,2,0,12
阪急三番街 キーフェル,https://suelog.jp/shops/1964,0,2,0,9
阪急三番街 喫煙所,https://suelog.jp/shops/1963,0,4,0,13.75
阪急梅田 喫煙 カフェ,https://suelog.jp/shops/1963,0,1,0,8
阪急梅田 喫煙所,https://suelog.jp/shops/1925/shop_reports/new,0,1,0,100
阪急梅田 喫煙所,https://suelog.jp/umeda/station/%E6%A2%85%E7%94%B0%E9%A7%85,0,1,0,25
阪急梅田応援団 大分からあげと鉄板焼 勝男,https://suelog.jp/shops/195,0,5,0,26.8
阪急梅田駅 喫煙所,https://suelog.jp/umeda/station/%E6%A2%85%E7%94%B0%E9%A7%85,0,1,0,32
阪神ビールスタンド,https://suelog.jp/shops/498,0,3,0,12
隆膳,https://suelog.jp/shops/2935,0,7,0,11
隠れや個室 とりで 梅田店,https://suelog.jp/shops/3297,0,20,0,9.4
隠れ家 wa鶏bar,https://suelog.jp/shops/1498,0,9,0,16.88888888888889
隠れ家焼肉牛斑,https://suelog.jp/shops/1766,0,1,0,19
隠れ家焼酎酒場 この下,https://suelog.jp/shops/182,0,2,0,22
難波 わびすけ,https://suelog.jp/shops/1610,0,1,0,20
難波 アドリア,https://suelog.jp/shops/1885,0,1,0,10
難波 カラオケバー,https://suelog.jp/shops/1309,0,1,0,1
難波 タバコ 吸える 場所,https://suelog.jp/namba,0,1,0,34
難波 ニチヨウビ,https://suelog.jp/shops/1717,0,12,0,6.166666666666667
難波 バー,https://suelog.jp/shops/1309,0,1,0,1
難波 フレッシュ,https://suelog.jp/shops/1678,0,3,0,9.666666666666666
難波 マジックバー,https://suelog.jp/shops/1457,0,1,0,43
難波 一人焼肉,https://suelog.jp/shops/1766,0,1,0,1
難波 個室 焼肉,https://suelog.jp/shops/1766,0,1,0,1
難波 喫煙 カフェ,https://suelog.jp/namba,0,1,0,16
難波 喫煙 カフェ,https://suelog.jp/namba/station/namba,0,1,0,49
難波 喫煙可能 喫茶店,https://suelog.jp/namba,0,2,0,10
難波 喫茶店 喫煙,https://suelog.jp/namba,0,3,0,26.666666666666668
難波 喫茶店 喫煙,https://suelog.jp/shops/1741,0,1,0,50
難波 喫茶店 喫煙,https://suelog.jp/shops/1883,0,1,0,19
難波 喫茶店 喫煙可,https://suelog.jp/namba,0,1,0,17
難波 寿司 喫煙可,https://suelog.jp/shops/1492,0,1,0,5
難波 朝まで バー,https://suelog.jp/shops/1593,0,1,0,4
難波 海源丸,https://suelog.jp/shops/1584,0,1,0,8
難波 焼肉 カウンター,https://suelog.jp/shops/1766,0,2,0,1
難波 焼肉 コスパ,https://suelog.jp/shops/1766,0,1,0,1
難波 焼肉 ランチ おしゃれ,https://suelog.jp/shops/1766,0,1,0,1
難波 焼肉 個室,https://suelog.jp/shops/1766,0,3,0,1.3333333333333333
難波 焼肉 食べ放題,https://suelog.jp/shops/1766,0,1,0,1
難波 肉,https://suelog.jp/shops/1766,0,1,0,1
難波 肉 ランチ,https://suelog.jp/shops/1766,0,1,0,1
難波 肉ランチ,https://suelog.jp/shops/1766,0,1,0,1
難波 虎徹,https://suelog.jp/shops/1670,0,20,0,6.3
難波 酒解本店,https://suelog.jp/shops/1665,0,1,0,8
難波 高級焼肉,https://suelog.jp/shops/1766,0,1,0,2
難波 鳥幸,https://suelog.jp/shops/1789,0,8,0,29.25
難波axe,https://suelog.jp/shops/1508,0,2,0,26
難波の焼肉屋,https://suelog.jp/shops/1766,0,1,0,1
難波わびすけ,https://suelog.jp/shops/1610,0,2,0,25
難波ジス,https://suelog.jp/shops/1778,0,1,0,9
難波一人焼肉,https://suelog.jp/shops/1766,0,1,0,1
難波喫煙できる喫茶店,https://suelog.jp/namba,0,1,0,10
難波喫煙所,https://suelog.jp/namba,0,2,0,31.5
難波喫煙所,https://suelog.jp/namba/station/namba,0,1,0,37
難波喫茶店 喫煙,https://suelog.jp/namba,0,1,0,13
難波喫茶店 喫煙,https://suelog.jp/shops/1883,0,1,0,33
難波鉄板神社,https://suelog.jp/shops/1614,0,1,0,6
難波駅 喫煙所,https://suelog.jp/namba,0,1,0,25
難波高級焼肉,https://suelog.jp/shops/1766,0,1,0,1
難波鳥幸,https://suelog.jp/shops/1789,0,8,0,30.5
青壱庵,https://suelog.jp/shops/3008,0,1,0,42
韓デリ 大阪,https://suelog.jp/shops/3545,0,1,0,29
韓国居酒屋 ふぁるふぁる,https://suelog.jp/shops/251,0,6,0,12.333333333333334
韓国屋台酒場 韓ラブ -love- 梅田店 クチコミ,https://suelog.jp/shops/3769,0,154,0,10.87012987012987
韓国屋台酒場 韓ラブ -love- 梅田店 写真,https://suelog.jp/shops/3769,0,1,0,10
韓国式食堂 うしなべセンター,https://suelog.jp/shops/2156,0,3,0,23.666666666666668
韓国鍋 オモニ 梅田店,https://suelog.jp/shops/1960,0,10,0,11.3
韓国鍋 オモニ 梅田店 レビュー,https://suelog.jp/shops/1960,0,1,0,10
韓国鍋オモニ 梅田,https://suelog.jp/shops/1960,0,1,0,19
韓虎,https://suelog.jp/shops/2034,0,12,0,8.416666666666668
韓虎 大阪,https://suelog.jp/shops/2034,0,1,0,9
韓虎 天満,https://suelog.jp/shops/2034,0,1,0,19
韓虎 梅田,https://suelog.jp/shops/2034,0,9,0,4.888888888888889
韓辛deli 北野白梅町店,https://suelog.jp/shops/3545,0,2,0,35
韓辛deli 白梅町店,https://suelog.jp/shops/3545,0,1,0,47
響 中之島,https://suelog.jp/shops/3327,0,1,0,33
響 中之島フェスティバルプラザ店,https://suelog.jp/shops/3327,0,2,0,34.5
響 大阪,https://suelog.jp/shops/3327,0,1,0,71
食いしん坊 大国町,https://suelog.jp/shops/2316,0,1,0,18
食堂 plug,https://suelog.jp/shops/1976,0,1,0,32
食堂plug,https://suelog.jp/shops/1976,0,1,0,34
食堂田舎家,https://suelog.jp/shops/192,0,3,0,22.666666666666668
食堂酒場 ラ クレール,https://suelog.jp/shops/686,0,6,0,7.5
食堂酒場 ラ クレール,https://suelog.jp/shops/686/shop_edit_requests/new,0,1,0,21
食堂酒場 ラ クレール,https://suelog.jp/shops/686/shop_reports/new,0,1,0,19
食彩 七囲炉,https://suelog.jp/shops/1906,0,4,0,24.25
飲み放題 スナック,https://suelog.jp/shops/438,0,1,0,2
餃子 しんちゃん 梅田,https://suelog.jp/shops/252,0,1,0,10
餃子 の かっちゃん 第 二 ビル,https://suelog.jp/shops/3331,0,3,0,10.666666666666666
餃子とお酒の店屋 全包,https://suelog.jp/shops/2321,0,2,0,33.5
餃子と煮込み 梅田,https://suelog.jp/shops/252,0,1,0,12
餃子と煮込み。しんちゃん 大阪梅田堂山町,https://suelog.jp/shops/252,0,4,0,10.25
餃子と煮込み。しんちゃん 大阪梅田堂山町 レビュー,https://suelog.jp/shops/252,0,1,0,14
餃子のかっちゃん たばこ,https://suelog.jp/shops/3331,0,1,0,12
餃子のかっちゃん タバコ吸える,https://suelog.jp/shops/3331,0,1,0,7
餃子のかっちゃん タバコ吸える,https://suelog.jp/shops/3331/shop_reports/new,0,1,0,11
餃子のかっちゃん 喫煙,https://suelog.jp/shops/3331,0,26,0,9
餃子のかっちゃん 喫煙,https://suelog.jp/shops/3331/shop_reports/new,0,3,0,11
餃子のかっちゃん 喫煙可,https://suelog.jp/shops/3331,0,4,0,10.5
餃子のかっちゃん 大阪駅前第2ビル店,https://suelog.jp/shops/3331,0,6,0,21.666666666666668
餃子のかっちゃん 禁煙,https://suelog.jp/shops/3331,0,1,0,13
餃子のかっちゃん喫煙,https://suelog.jp/shops/3331,0,10,0,9.8
餃子の王将 喫煙,https://suelog.jp/shops/2110,0,3,0,12.666666666666666
餃子の王将 喫煙,https://suelog.jp/shops/2110/shop_reports/new,0,1,0,22
餃子の王将 梅田,https://suelog.jp/shops/2110,0,1,0,33
餃子の王将 阪急東通り店,https://suelog.jp/shops/2110,0,2,0,19.5
餃子の王将阪急東通り店 レビュー,https://suelog.jp/shops/2110,0,7,0,10.857142857142858
餃子工房 ちびすけ ヨーロッパ通り店 東心斎橋店,https://suelog.jp/shops/1421,0,3,0,41.333333333333336
餃子工房ちびすけ南心斎橋店 レビュー,https://suelog.jp/shops/1421,0,1,0,12
駄菓子cafe&bar エンス,https://suelog.jp/shops/407,0,3,0,15.666666666666666
魚蔵 伏見町店,https://suelog.jp/shops/213,0,1,0,24
魚貴 梅田,https://suelog.jp/shops/2147,0,2,0,9
魚貴すし,https://suelog.jp/shops/2147,0,3,0,23.333333333333332
魚貴すし レビュー,https://suelog.jp/shops/2147,0,15,0,10.466666666666667
魚貴すし 梅田,https://suelog.jp/shops/2147,0,1,0,8
鳥々,https://suelog.jp/shops/2087,0,1,0,12
鳥々々 梅田,https://suelog.jp/shops/2087,0,2,0,11.5
鳥匠 いし井,https://suelog.jp/shops/3415,0,1,0,34
鳥匠いし井,https://suelog.jp/shops/3415,0,1,0,32
鳥平本店,https://suelog.jp/shops/1910,0,1,0,28
鳥玖,https://suelog.jp/shops/1547,0,4,0,7.75
鳥蔵土佐堀店,https://suelog.jp/shops/3482,0,1,0,21
鴨と鳥酒場,https://suelog.jp/shops/683,0,3,0,10.333333333333334
鴨と鶏 酒場 純,https://suelog.jp/shops/683,0,8,0,11.375
鶏co,https://suelog.jp/shops/1712,0,9,0,11.11111111111111
鶏えん 東通り,https://suelog.jp/shops/2086,0,2,0,9.5
鶏えん 梅田,https://suelog.jp/shops/2055,0,2,0,23.5
鶏えん 阪急東通店,https://suelog.jp/shops/2055,0,1,0,49
鶏と魚と藁焼き カガヤキ,https://suelog.jp/shops/250,0,7,0,17
鶏と魚と藁焼き酒場 カガヤキ,https://suelog.jp/shops/250,0,1,0,10
鶏乃物語,https://suelog.jp/shops/3482,0,19,0,8.736842105263158
鶏乃物語 土佐堀店,https://suelog.jp/shops/3482,0,15,0,9.4
鶏家 六角鶏 梅田店,https://suelog.jp/shops/392,0,3,0,17.666666666666668
鶏屋 梅星,https://suelog.jp/shops/1104,0,4,0,31.25
鶏屋 白羽鳥,https://suelog.jp/shops/62,0,1,0,32
현 위치 주변 맛집,https://suelog.jp/shops/1478,0,1,0,28
３４ｋｉｔｃｈｉｎ,https://suelog.jp/shops/1920,0,1,0,9
８〇８cafe 喫煙,https://suelog.jp/shops/2800,0,1,0,9
ａ・ｂａｒ,https://suelog.jp/shops/1654,0,3,0,29.666666666666668
ａ・ｂａｒ,https://suelog.jp/shops/462,0,2,0,46
ｂａｒ 坂町！,https://suelog.jp/shops/1658,0,2,0,20.5
ｂａｒ １９ 喫煙,https://suelog.jp/,0,1,0,17
ｂａｒ １９ 喫煙可,https://suelog.jp/shops/3682,0,1,0,49
ｂａｒナマズ,https://suelog.jp/shops/1553,0,3,0,9
ｂａｒ・ｈａｎａ,https://suelog.jp/shops/2277,0,2,0,38.5
ｂａｒ木村や,https://suelog.jp/shops/1489,0,2,0,41.5
ｂａｒ４６１ 喫煙,https://suelog.jp/shops/3095/shop_reports/new,0,2,0,40
ｅ－ｂａｒ,https://suelog.jp/shops/693,0,2,0,24.5
ｆｏｏｄｉｎｇ ｂａｒ ｒｕｅｌｌｅ 堂山,https://suelog.jp/shops/1984,0,12,0,31.666666666666668
ｇａｒｂ ｗｅｅｋｓ,https://suelog.jp/shops/3608,0,6,0,36.333333333333336
ｊａｇａ・ｂａｒ,https://suelog.jp/shops/1889,0,1,0,11
ｐｕｂエムズ,https://suelog.jp/shops/3391,0,2,0,27.5
ｐｕｍｐｋｉｎ ｒｏｃｋｓ,https://suelog.jp/shops/2100,0,12,0,20.916666666666668
ｓｈｏｔ ｂａｒ ｎｏｂｕ,https://suelog.jp/shops/280,0,9,0,13.333333333333334
ｓｈｏｔｂａｒｏｆｆ,https://suelog.jp/shops/403,0,1,0,34
